<?xml version='1.0' encoding='UTF-8' standalone='no'?>
<doxygen xmlns:xsi="http://www.w3.org/2001/XMLSchema-instance" xsi:noNamespaceSchemaLocation="compound.xsd" version="1.8.11">
  <compounddef id="call__log_8h" kind="file" language="C++">
    <compoundname>call_log.h</compoundname>
    <includes refid="types_8h" local="yes">linphone/types.h</includes>
    <includedby refid="core_8h" local="yes">core.h</includedby>
      <sectiondef kind="define">
      <memberdef kind="define" id="group__call__logs_1gab84bce839e6c7301d2af4350d32ec976" prot="public" static="no">
        <name>linphone_call_log_get_from</name>
        <param><defname>cl</defname></param>
        <initializer><ref refid="group__call__logs_1gaaafe867bd6bc91436b0064be70813151" kindref="member">linphone_call_log_get_from_address</ref>(cl)</initializer>
        <briefdescription>
        </briefdescription>
        <detaileddescription>
<para><xrefsect id="deprecated_1_deprecated000006"><xreftitle>Deprecated</xreftitle><xrefdescription><para>Use <ref refid="group__call__logs_1gaaafe867bd6bc91436b0064be70813151" kindref="member">linphone_call_log_get_from_address()</ref> instead.</para></xrefdescription></xrefsect></para>        </detaileddescription>
        <inbodydescription>
        </inbodydescription>
        <location file="C:/Jenkins/workspace/linphone-qt-win32/submodules/linphone/include/linphone/call_log.h" line="206" column="9" bodyfile="C:/Jenkins/workspace/linphone-qt-win32/submodules/linphone/include/linphone/call_log.h" bodystart="206" bodyend="-1"/>
      </memberdef>
      <memberdef kind="define" id="group__call__logs_1gae26bf43ec4e4961f3a3be5e55cb80086" prot="public" static="no">
        <name>linphone_call_log_get_to</name>
        <param><defname>cl</defname></param>
        <initializer><ref refid="group__call__logs_1ga0105f29d6ade6835acd1cf6ae570ca91" kindref="member">linphone_call_log_get_to_address</ref>(cl)</initializer>
        <briefdescription>
        </briefdescription>
        <detaileddescription>
<para><xrefsect id="deprecated_1_deprecated000007"><xreftitle>Deprecated</xreftitle><xrefdescription><para>Use <ref refid="group__call__logs_1ga0105f29d6ade6835acd1cf6ae570ca91" kindref="member">linphone_call_log_get_to_address()</ref> instead.</para></xrefdescription></xrefsect></para>        </detaileddescription>
        <inbodydescription>
        </inbodydescription>
        <location file="C:/Jenkins/workspace/linphone-qt-win32/submodules/linphone/include/linphone/call_log.h" line="209" column="9" bodyfile="C:/Jenkins/workspace/linphone-qt-win32/submodules/linphone/include/linphone/call_log.h" bodystart="209" bodyend="-1"/>
      </memberdef>
      <memberdef kind="define" id="group__call__logs_1ga8d3b12ad3b8f4d4783e40a78c23dd9a0" prot="public" static="no">
        <name>linphone_call_log_set_user_pointer</name>
        <param><defname>cl</defname></param>
        <param><defname>ud</defname></param>
        <initializer><ref refid="group__call__logs_1gadb77bcb2b2beb031bcbf6f0bcc62652a" kindref="member">linphone_call_log_set_user_data</ref>(cl, ud)</initializer>
        <briefdescription>
        </briefdescription>
        <detaileddescription>
<para><xrefsect id="deprecated_1_deprecated000008"><xreftitle>Deprecated</xreftitle><xrefdescription><para>Use <ref refid="group__call__logs_1gadb77bcb2b2beb031bcbf6f0bcc62652a" kindref="member">linphone_call_log_set_user_data()</ref> instead.</para></xrefdescription></xrefsect></para>        </detaileddescription>
        <inbodydescription>
        </inbodydescription>
        <location file="C:/Jenkins/workspace/linphone-qt-win32/submodules/linphone/include/linphone/call_log.h" line="212" column="9" bodyfile="C:/Jenkins/workspace/linphone-qt-win32/submodules/linphone/include/linphone/call_log.h" bodystart="212" bodyend="-1"/>
      </memberdef>
      <memberdef kind="define" id="group__call__logs_1ga5a92ec7e1a015fb0d6f80abf736b5c4e" prot="public" static="no">
        <name>linphone_call_log_get_user_pointer</name>
        <param><defname>cl</defname></param>
        <initializer><ref refid="group__call__logs_1ga7739aef07704316d9d92d50262ddd767" kindref="member">linphone_call_log_get_user_data</ref>(cl)</initializer>
        <briefdescription>
        </briefdescription>
        <detaileddescription>
<para><xrefsect id="deprecated_1_deprecated000009"><xreftitle>Deprecated</xreftitle><xrefdescription><para>Use <ref refid="group__call__logs_1ga7739aef07704316d9d92d50262ddd767" kindref="member">linphone_call_log_get_user_data()</ref> instead.</para></xrefdescription></xrefsect></para>        </detaileddescription>
        <inbodydescription>
        </inbodydescription>
        <location file="C:/Jenkins/workspace/linphone-qt-win32/submodules/linphone/include/linphone/call_log.h" line="215" column="9" bodyfile="C:/Jenkins/workspace/linphone-qt-win32/submodules/linphone/include/linphone/call_log.h" bodystart="215" bodyend="-1"/>
      </memberdef>
      </sectiondef>
      <sectiondef kind="func">
      <memberdef kind="function" id="group__call__logs_1gae2a190bb030970e723f0c8d8505b83a7" prot="public" static="no" const="no" explicit="no" inline="no" virt="non-virtual">
        <type>const char *</type>
        <definition>const char* linphone_call_log_get_call_id</definition>
        <argsstring>(const LinphoneCallLog *cl)</argsstring>
        <name>linphone_call_log_get_call_id</name>
        <param>
          <type>const <ref refid="group__call__logs_1gab700f6646681d1f4614a049892bc764a" kindref="member">LinphoneCallLog</ref> *</type>
          <declname>cl</declname>
        </param>
        <briefdescription>
<para>Get the call ID used by the call. </para>        </briefdescription>
        <detaileddescription>
<para><parameterlist kind="param"><parameteritem>
<parameternamelist>
<parametername direction="in">cl</parametername>
</parameternamelist>
<parameterdescription>
<para>LinphoneCallLog object </para></parameterdescription>
</parameteritem>
</parameterlist>
<simplesect kind="return"><para>The call ID used by the call as a string. </para></simplesect>
</para>        </detaileddescription>
        <inbodydescription>
        </inbodydescription>
        <location file="C:/Jenkins/workspace/linphone-qt-win32/submodules/linphone/include/linphone/call_log.h" line="44" column="1"/>
      </memberdef>
      <memberdef kind="function" id="group__call__logs_1ga847aa4ed07183ce7fdd69814683de953" prot="public" static="no" const="no" explicit="no" inline="no" virt="non-virtual">
        <type><ref refid="group__call__logs_1ga1034661c7fea264b5e01b72f39987b77" kindref="member">LinphoneCallDir</ref></type>
        <definition>LinphoneCallDir linphone_call_log_get_dir</definition>
        <argsstring>(LinphoneCallLog *cl)</argsstring>
        <name>linphone_call_log_get_dir</name>
        <param>
          <type><ref refid="group__call__logs_1gab700f6646681d1f4614a049892bc764a" kindref="member">LinphoneCallLog</ref> *</type>
          <declname>cl</declname>
        </param>
        <briefdescription>
<para>Get the direction of the call. </para>        </briefdescription>
        <detaileddescription>
<para><parameterlist kind="param"><parameteritem>
<parameternamelist>
<parametername direction="in">cl</parametername>
</parameternamelist>
<parameterdescription>
<para>LinphoneCallLog object </para></parameterdescription>
</parameteritem>
</parameterlist>
<simplesect kind="return"><para>The direction of the call. </para></simplesect>
</para>        </detaileddescription>
        <inbodydescription>
        </inbodydescription>
        <location file="C:/Jenkins/workspace/linphone-qt-win32/submodules/linphone/include/linphone/call_log.h" line="51" column="1"/>
      </memberdef>
      <memberdef kind="function" id="group__call__logs_1gad44b7d604092e48ab3b329d651176a09" prot="public" static="no" const="no" explicit="no" inline="no" virt="non-virtual">
        <type>int</type>
        <definition>int linphone_call_log_get_duration</definition>
        <argsstring>(LinphoneCallLog *cl)</argsstring>
        <name>linphone_call_log_get_duration</name>
        <param>
          <type><ref refid="group__call__logs_1gab700f6646681d1f4614a049892bc764a" kindref="member">LinphoneCallLog</ref> *</type>
          <declname>cl</declname>
        </param>
        <briefdescription>
<para>Get the duration of the call since connected. </para>        </briefdescription>
        <detaileddescription>
<para><parameterlist kind="param"><parameteritem>
<parameternamelist>
<parametername direction="in">cl</parametername>
</parameternamelist>
<parameterdescription>
<para>LinphoneCallLog object </para></parameterdescription>
</parameteritem>
</parameterlist>
<simplesect kind="return"><para>The duration of the call in seconds. </para></simplesect>
</para>        </detaileddescription>
        <inbodydescription>
        </inbodydescription>
        <location file="C:/Jenkins/workspace/linphone-qt-win32/submodules/linphone/include/linphone/call_log.h" line="58" column="1"/>
      </memberdef>
      <memberdef kind="function" id="group__call__logs_1gaaafe867bd6bc91436b0064be70813151" prot="public" static="no" const="no" explicit="no" inline="no" virt="non-virtual">
        <type><ref refid="group__linphone__address_1ga5af5a516ac253e3cda4f51b599a5385b" kindref="member">LinphoneAddress</ref> *</type>
        <definition>LinphoneAddress* linphone_call_log_get_from_address</definition>
        <argsstring>(LinphoneCallLog *cl)</argsstring>
        <name>linphone_call_log_get_from_address</name>
        <param>
          <type><ref refid="group__call__logs_1gab700f6646681d1f4614a049892bc764a" kindref="member">LinphoneCallLog</ref> *</type>
          <declname>cl</declname>
        </param>
        <briefdescription>
<para>Get the origin address (ie from) of the call. </para>        </briefdescription>
        <detaileddescription>
<para><parameterlist kind="param"><parameteritem>
<parameternamelist>
<parametername direction="in">cl</parametername>
</parameternamelist>
<parameterdescription>
<para>LinphoneCallLog object </para></parameterdescription>
</parameteritem>
</parameterlist>
<simplesect kind="return"><para>The origin address (ie from) of the call. </para></simplesect>
</para>        </detaileddescription>
        <inbodydescription>
        </inbodydescription>
        <location file="C:/Jenkins/workspace/linphone-qt-win32/submodules/linphone/include/linphone/call_log.h" line="65" column="1"/>
      </memberdef>
      <memberdef kind="function" id="group__call__logs_1gafc32d586c890fb39c5486586366376e7" prot="public" static="no" const="no" explicit="no" inline="no" virt="non-virtual">
        <type>const rtp_stats_t *</type>
        <definition>const rtp_stats_t* linphone_call_log_get_local_stats</definition>
        <argsstring>(const LinphoneCallLog *cl)</argsstring>
        <name>linphone_call_log_get_local_stats</name>
        <param>
          <type>const <ref refid="group__call__logs_1gab700f6646681d1f4614a049892bc764a" kindref="member">LinphoneCallLog</ref> *</type>
          <declname>cl</declname>
        </param>
        <briefdescription>
<para>Get the RTP statistics computed locally regarding the call. </para>        </briefdescription>
        <detaileddescription>
<para><parameterlist kind="param"><parameteritem>
<parameternamelist>
<parametername direction="in">cl</parametername>
</parameternamelist>
<parameterdescription>
<para>LinphoneCallLog object </para></parameterdescription>
</parameteritem>
</parameterlist>
<simplesect kind="return"><para>The RTP statistics that have been computed locally for the call. </para></simplesect>
</para>        </detaileddescription>
        <inbodydescription>
        </inbodydescription>
        <location file="C:/Jenkins/workspace/linphone-qt-win32/submodules/linphone/include/linphone/call_log.h" line="72" column="1"/>
      </memberdef>
      <memberdef kind="function" id="group__call__logs_1ga9ddfd1fbcf4d04ec845ea60fd3bec40c" prot="public" static="no" const="no" explicit="no" inline="no" virt="non-virtual">
        <type>float</type>
        <definition>float linphone_call_log_get_quality</definition>
        <argsstring>(LinphoneCallLog *cl)</argsstring>
        <name>linphone_call_log_get_quality</name>
        <param>
          <type><ref refid="group__call__logs_1gab700f6646681d1f4614a049892bc764a" kindref="member">LinphoneCallLog</ref> *</type>
          <declname>cl</declname>
        </param>
        <briefdescription>
<para>Get the overall quality indication of the call. </para>        </briefdescription>
        <detaileddescription>
<para><parameterlist kind="param"><parameteritem>
<parameternamelist>
<parametername direction="in">cl</parametername>
</parameternamelist>
<parameterdescription>
<para>LinphoneCallLog object </para></parameterdescription>
</parameteritem>
</parameterlist>
<simplesect kind="return"><para>The overall quality indication of the call. </para></simplesect>
</para>        </detaileddescription>
        <inbodydescription>
        </inbodydescription>
        <location file="C:/Jenkins/workspace/linphone-qt-win32/submodules/linphone/include/linphone/call_log.h" line="79" column="1"/>
      </memberdef>
      <memberdef kind="function" id="group__call__logs_1ga5f7543296ee65b188d1fbf8b534ebff3" prot="public" static="no" const="no" explicit="no" inline="no" virt="non-virtual">
        <type>const char *</type>
        <definition>const char* linphone_call_log_get_ref_key</definition>
        <argsstring>(const LinphoneCallLog *cl)</argsstring>
        <name>linphone_call_log_get_ref_key</name>
        <param>
          <type>const <ref refid="group__call__logs_1gab700f6646681d1f4614a049892bc764a" kindref="member">LinphoneCallLog</ref> *</type>
          <declname>cl</declname>
        </param>
        <briefdescription>
<para>Get the persistent reference key associated to the call log. </para>        </briefdescription>
        <detaileddescription>
<para>The reference key can be for example an id to an external database. It is stored in the config file, thus can survive to process exits/restarts.</para><para><parameterlist kind="param"><parameteritem>
<parameternamelist>
<parametername direction="in">cl</parametername>
</parameternamelist>
<parameterdescription>
<para>LinphoneCallLog object </para></parameterdescription>
</parameteritem>
</parameterlist>
<simplesect kind="return"><para>The reference key string that has been associated to the call log, or NULL if none has been associated. </para></simplesect>
</para>        </detaileddescription>
        <inbodydescription>
        </inbodydescription>
        <location file="C:/Jenkins/workspace/linphone-qt-win32/submodules/linphone/include/linphone/call_log.h" line="90" column="1"/>
      </memberdef>
      <memberdef kind="function" id="group__call__logs_1ga6c4eaeeb10d59d7a63fcc6e6be42a5c8" prot="public" static="no" const="no" explicit="no" inline="no" virt="non-virtual">
        <type><ref refid="group__linphone__address_1ga5af5a516ac253e3cda4f51b599a5385b" kindref="member">LinphoneAddress</ref> *</type>
        <definition>LinphoneAddress* linphone_call_log_get_remote_address</definition>
        <argsstring>(LinphoneCallLog *cl)</argsstring>
        <name>linphone_call_log_get_remote_address</name>
        <param>
          <type><ref refid="group__call__logs_1gab700f6646681d1f4614a049892bc764a" kindref="member">LinphoneCallLog</ref> *</type>
          <declname>cl</declname>
        </param>
        <briefdescription>
<para>Get the remote address (that is from or to depending on call direction). </para>        </briefdescription>
        <detaileddescription>
<para><parameterlist kind="param"><parameteritem>
<parameternamelist>
<parametername direction="in">cl</parametername>
</parameternamelist>
<parameterdescription>
<para>LinphoneCallLog object </para></parameterdescription>
</parameteritem>
</parameterlist>
<simplesect kind="return"><para>The remote address of the call. </para></simplesect>
</para>        </detaileddescription>
        <inbodydescription>
        </inbodydescription>
        <location file="C:/Jenkins/workspace/linphone-qt-win32/submodules/linphone/include/linphone/call_log.h" line="97" column="1"/>
      </memberdef>
      <memberdef kind="function" id="group__call__logs_1gaebb6a63bab5d3271107227acae94d531" prot="public" static="no" const="no" explicit="no" inline="no" virt="non-virtual">
        <type>const rtp_stats_t *</type>
        <definition>const rtp_stats_t* linphone_call_log_get_remote_stats</definition>
        <argsstring>(const LinphoneCallLog *cl)</argsstring>
        <name>linphone_call_log_get_remote_stats</name>
        <param>
          <type>const <ref refid="group__call__logs_1gab700f6646681d1f4614a049892bc764a" kindref="member">LinphoneCallLog</ref> *</type>
          <declname>cl</declname>
        </param>
        <briefdescription>
<para>Get the RTP statistics computed by the remote end and sent back via RTCP. </para>        </briefdescription>
        <detaileddescription>
<para><simplesect kind="note"><para>Not implemented yet. </para></simplesect>
<parameterlist kind="param"><parameteritem>
<parameternamelist>
<parametername direction="in">cl</parametername>
</parameternamelist>
<parameterdescription>
<para>LinphoneCallLog object </para></parameterdescription>
</parameteritem>
</parameterlist>
<simplesect kind="return"><para>The RTP statistics that have been computed by the remote end for the call. </para></simplesect>
</para>        </detaileddescription>
        <inbodydescription>
        </inbodydescription>
        <location file="C:/Jenkins/workspace/linphone-qt-win32/submodules/linphone/include/linphone/call_log.h" line="105" column="1"/>
      </memberdef>
      <memberdef kind="function" id="group__call__logs_1gadc9c4a4551352805dcf2b187541db22b" prot="public" static="no" const="no" explicit="no" inline="no" virt="non-virtual">
        <type>time_t</type>
        <definition>time_t linphone_call_log_get_start_date</definition>
        <argsstring>(LinphoneCallLog *cl)</argsstring>
        <name>linphone_call_log_get_start_date</name>
        <param>
          <type><ref refid="group__call__logs_1gab700f6646681d1f4614a049892bc764a" kindref="member">LinphoneCallLog</ref> *</type>
          <declname>cl</declname>
        </param>
        <briefdescription>
<para>Get the start date of the call. </para>        </briefdescription>
        <detaileddescription>
<para><parameterlist kind="param"><parameteritem>
<parameternamelist>
<parametername direction="in">cl</parametername>
</parameternamelist>
<parameterdescription>
<para>LinphoneCallLog object </para></parameterdescription>
</parameteritem>
</parameterlist>
<simplesect kind="return"><para>The date of the beginning of the call. </para></simplesect>
</para>        </detaileddescription>
        <inbodydescription>
        </inbodydescription>
        <location file="C:/Jenkins/workspace/linphone-qt-win32/submodules/linphone/include/linphone/call_log.h" line="112" column="1"/>
      </memberdef>
      <memberdef kind="function" id="group__call__logs_1ga09169074d242befc7b1739c6a975aad8" prot="public" static="no" const="no" explicit="no" inline="no" virt="non-virtual">
        <type><ref refid="group__call__logs_1gafd125fb704d3254856f4a826a6e60a11" kindref="member">LinphoneCallStatus</ref></type>
        <definition>LinphoneCallStatus linphone_call_log_get_status</definition>
        <argsstring>(LinphoneCallLog *cl)</argsstring>
        <name>linphone_call_log_get_status</name>
        <param>
          <type><ref refid="group__call__logs_1gab700f6646681d1f4614a049892bc764a" kindref="member">LinphoneCallLog</ref> *</type>
          <declname>cl</declname>
        </param>
        <briefdescription>
<para>Get the status of the call. </para>        </briefdescription>
        <detaileddescription>
<para><parameterlist kind="param"><parameteritem>
<parameternamelist>
<parametername direction="in">cl</parametername>
</parameternamelist>
<parameterdescription>
<para>LinphoneCallLog object </para></parameterdescription>
</parameteritem>
</parameterlist>
<simplesect kind="return"><para>The status of the call. </para></simplesect>
</para>        </detaileddescription>
        <inbodydescription>
        </inbodydescription>
        <location file="C:/Jenkins/workspace/linphone-qt-win32/submodules/linphone/include/linphone/call_log.h" line="119" column="1"/>
      </memberdef>
      <memberdef kind="function" id="group__call__logs_1ga0105f29d6ade6835acd1cf6ae570ca91" prot="public" static="no" const="no" explicit="no" inline="no" virt="non-virtual">
        <type><ref refid="group__linphone__address_1ga5af5a516ac253e3cda4f51b599a5385b" kindref="member">LinphoneAddress</ref> *</type>
        <definition>LinphoneAddress* linphone_call_log_get_to_address</definition>
        <argsstring>(LinphoneCallLog *cl)</argsstring>
        <name>linphone_call_log_get_to_address</name>
        <param>
          <type><ref refid="group__call__logs_1gab700f6646681d1f4614a049892bc764a" kindref="member">LinphoneCallLog</ref> *</type>
          <declname>cl</declname>
        </param>
        <briefdescription>
<para>Get the destination address (ie to) of the call. </para>        </briefdescription>
        <detaileddescription>
<para><parameterlist kind="param"><parameteritem>
<parameternamelist>
<parametername direction="in">cl</parametername>
</parameternamelist>
<parameterdescription>
<para>LinphoneCallLog object </para></parameterdescription>
</parameteritem>
</parameterlist>
<simplesect kind="return"><para>The destination address (ie to) of the call. </para></simplesect>
</para>        </detaileddescription>
        <inbodydescription>
        </inbodydescription>
        <location file="C:/Jenkins/workspace/linphone-qt-win32/submodules/linphone/include/linphone/call_log.h" line="126" column="1"/>
      </memberdef>
      <memberdef kind="function" id="group__call__logs_1gac12aee1a611bcb6a899582a8d4705be1" prot="public" static="no" const="no" explicit="no" inline="no" virt="non-virtual">
        <type>void</type>
        <definition>void linphone_call_log_set_ref_key</definition>
        <argsstring>(LinphoneCallLog *cl, const char *refkey)</argsstring>
        <name>linphone_call_log_set_ref_key</name>
        <param>
          <type><ref refid="group__call__logs_1gab700f6646681d1f4614a049892bc764a" kindref="member">LinphoneCallLog</ref> *</type>
          <declname>cl</declname>
        </param>
        <param>
          <type>const char *</type>
          <declname>refkey</declname>
        </param>
        <briefdescription>
<para>Associate a persistent reference key to the call log. </para>        </briefdescription>
        <detaileddescription>
<para>The reference key can be for example an id to an external database. It is stored in the config file, thus can survive to process exits/restarts.</para><para><parameterlist kind="param"><parameteritem>
<parameternamelist>
<parametername direction="in">cl</parametername>
</parameternamelist>
<parameterdescription>
<para>LinphoneCallLog object </para></parameterdescription>
</parameteritem>
<parameteritem>
<parameternamelist>
<parametername direction="in">refkey</parametername>
</parameternamelist>
<parameterdescription>
<para>The reference key string to associate to the call log. </para></parameterdescription>
</parameteritem>
</parameterlist>
</para>        </detaileddescription>
        <inbodydescription>
        </inbodydescription>
        <location file="C:/Jenkins/workspace/linphone-qt-win32/submodules/linphone/include/linphone/call_log.h" line="137" column="1"/>
      </memberdef>
      <memberdef kind="function" id="group__call__logs_1ga5787f07ce7705433f11f571809ba8066" prot="public" static="no" const="no" explicit="no" inline="no" virt="non-virtual">
        <type>bool_t</type>
        <definition>bool_t linphone_call_log_video_enabled</definition>
        <argsstring>(LinphoneCallLog *cl)</argsstring>
        <name>linphone_call_log_video_enabled</name>
        <param>
          <type><ref refid="group__call__logs_1gab700f6646681d1f4614a049892bc764a" kindref="member">LinphoneCallLog</ref> *</type>
          <declname>cl</declname>
        </param>
        <briefdescription>
<para>Tell whether video was enabled at the end of the call or not. </para>        </briefdescription>
        <detaileddescription>
<para><parameterlist kind="param"><parameteritem>
<parameternamelist>
<parametername direction="in">cl</parametername>
</parameternamelist>
<parameterdescription>
<para>LinphoneCallLog object </para></parameterdescription>
</parameteritem>
</parameterlist>
<simplesect kind="return"><para>A boolean value telling whether video was enabled at the end of the call. </para></simplesect>
</para>        </detaileddescription>
        <inbodydescription>
        </inbodydescription>
        <location file="C:/Jenkins/workspace/linphone-qt-win32/submodules/linphone/include/linphone/call_log.h" line="144" column="1"/>
      </memberdef>
      <memberdef kind="function" id="group__call__logs_1ga0710ace4194a6a8923014922c5f93b3d" prot="public" static="no" const="no" explicit="no" inline="no" virt="non-virtual">
        <type>char *</type>
        <definition>char* linphone_call_log_to_str</definition>
        <argsstring>(LinphoneCallLog *cl)</argsstring>
        <name>linphone_call_log_to_str</name>
        <param>
          <type><ref refid="group__call__logs_1gab700f6646681d1f4614a049892bc764a" kindref="member">LinphoneCallLog</ref> *</type>
          <declname>cl</declname>
        </param>
        <briefdescription>
<para>Get a human readable string describing the call. </para>        </briefdescription>
        <detaileddescription>
<para><simplesect kind="note"><para>: the returned string must be freed by the application (use ms_free()). </para></simplesect>
<parameterlist kind="param"><parameteritem>
<parameternamelist>
<parametername direction="in">cl</parametername>
</parameternamelist>
<parameterdescription>
<para>LinphoneCallLog object </para></parameterdescription>
</parameteritem>
</parameterlist>
<simplesect kind="return"><para>A human readable string describing the call. </para></simplesect>
</para>        </detaileddescription>
        <inbodydescription>
        </inbodydescription>
        <location file="C:/Jenkins/workspace/linphone-qt-win32/submodules/linphone/include/linphone/call_log.h" line="152" column="1"/>
      </memberdef>
      <memberdef kind="function" id="group__call__logs_1gae5d1980d1e48b5f3e8fc156424fb2dda" prot="public" static="no" const="no" explicit="no" inline="no" virt="non-virtual">
        <type>bool_t</type>
        <definition>bool_t linphone_call_log_was_conference</definition>
        <argsstring>(LinphoneCallLog *cl)</argsstring>
        <name>linphone_call_log_was_conference</name>
        <param>
          <type><ref refid="group__call__logs_1gab700f6646681d1f4614a049892bc764a" kindref="member">LinphoneCallLog</ref> *</type>
          <declname>cl</declname>
        </param>
        <briefdescription>
<para>Tells whether that call was a call to a conference server. </para>        </briefdescription>
        <detaileddescription>
<para><parameterlist kind="param"><parameteritem>
<parameternamelist>
<parametername direction="in">cl</parametername>
</parameternamelist>
<parameterdescription>
<para><ref refid="group__call__logs_1gab700f6646681d1f4614a049892bc764a" kindref="member">LinphoneCallLog</ref> object </para></parameterdescription>
</parameteritem>
</parameterlist>
<simplesect kind="return"><para>TRUE if the call was a call to a conference server </para></simplesect>
</para>        </detaileddescription>
        <inbodydescription>
        </inbodydescription>
        <location file="C:/Jenkins/workspace/linphone-qt-win32/submodules/linphone/include/linphone/call_log.h" line="159" column="1"/>
      </memberdef>
      <memberdef kind="function" id="group__call__logs_1gaa49834b6b92a905bf05cfd6fb9a939ac" prot="public" static="no" const="no" explicit="no" inline="no" virt="non-virtual">
        <type>const <ref refid="group__misc_1ga8f3b35ce44e1284465ac2859ffbb9db7" kindref="member">LinphoneErrorInfo</ref> *</type>
        <definition>const LinphoneErrorInfo* linphone_call_log_get_error_info</definition>
        <argsstring>(LinphoneCallLog *cl)</argsstring>
        <name>linphone_call_log_get_error_info</name>
        <param>
          <type><ref refid="group__call__logs_1gab700f6646681d1f4614a049892bc764a" kindref="member">LinphoneCallLog</ref> *</type>
          <declname>cl</declname>
        </param>
        <briefdescription>
<para>When the call was failed, return an object describing the failure. </para>        </briefdescription>
        <detaileddescription>
<para><parameterlist kind="param"><parameteritem>
<parameternamelist>
<parametername direction="in">cl</parametername>
</parameternamelist>
<parameterdescription>
<para><ref refid="group__call__logs_1gab700f6646681d1f4614a049892bc764a" kindref="member">LinphoneCallLog</ref> object </para></parameterdescription>
</parameteritem>
</parameterlist>
<simplesect kind="return"><para>information about the error encountered by the call associated with this call log. </para></simplesect>
</para>        </detaileddescription>
        <inbodydescription>
        </inbodydescription>
        <location file="C:/Jenkins/workspace/linphone-qt-win32/submodules/linphone/include/linphone/call_log.h" line="166" column="1"/>
      </memberdef>
      <memberdef kind="function" id="group__call__logs_1ga7739aef07704316d9d92d50262ddd767" prot="public" static="no" const="no" explicit="no" inline="no" virt="non-virtual">
        <type>void *</type>
        <definition>void* linphone_call_log_get_user_data</definition>
        <argsstring>(const LinphoneCallLog *cl)</argsstring>
        <name>linphone_call_log_get_user_data</name>
        <param>
          <type>const <ref refid="group__call__logs_1gab700f6646681d1f4614a049892bc764a" kindref="member">LinphoneCallLog</ref> *</type>
          <declname>cl</declname>
        </param>
        <briefdescription>
<para>Get the user data associated with the call log. </para>        </briefdescription>
        <detaileddescription>
<para><parameterlist kind="param"><parameteritem>
<parameternamelist>
<parametername direction="in">cl</parametername>
</parameternamelist>
<parameterdescription>
<para>LinphoneCallLog object </para></parameterdescription>
</parameteritem>
</parameterlist>
<simplesect kind="return"><para>The user data associated with the call log. </para></simplesect>
</para>        </detaileddescription>
        <inbodydescription>
        </inbodydescription>
        <location file="C:/Jenkins/workspace/linphone-qt-win32/submodules/linphone/include/linphone/call_log.h" line="178" column="1"/>
      </memberdef>
      <memberdef kind="function" id="group__call__logs_1gadb77bcb2b2beb031bcbf6f0bcc62652a" prot="public" static="no" const="no" explicit="no" inline="no" virt="non-virtual">
        <type>void</type>
        <definition>void linphone_call_log_set_user_data</definition>
        <argsstring>(LinphoneCallLog *cl, void *ud)</argsstring>
        <name>linphone_call_log_set_user_data</name>
        <param>
          <type><ref refid="group__call__logs_1gab700f6646681d1f4614a049892bc764a" kindref="member">LinphoneCallLog</ref> *</type>
          <declname>cl</declname>
        </param>
        <param>
          <type>void *</type>
          <declname>ud</declname>
        </param>
        <briefdescription>
<para>Assign a user data to the call log. </para>        </briefdescription>
        <detaileddescription>
<para><parameterlist kind="param"><parameteritem>
<parameternamelist>
<parametername direction="in">cl</parametername>
</parameternamelist>
<parameterdescription>
<para>LinphoneCallLog object </para></parameterdescription>
</parameteritem>
<parameteritem>
<parameternamelist>
<parametername direction="in">ud</parametername>
</parameternamelist>
<parameterdescription>
<para>The user data to associate with the call log. </para></parameterdescription>
</parameteritem>
</parameterlist>
</para>        </detaileddescription>
        <inbodydescription>
        </inbodydescription>
        <location file="C:/Jenkins/workspace/linphone-qt-win32/submodules/linphone/include/linphone/call_log.h" line="185" column="1"/>
      </memberdef>
      <memberdef kind="function" id="group__call__logs_1ga2f3af8bb19866a4bbeebefa17bf2b806" prot="public" static="no" const="no" explicit="no" inline="no" virt="non-virtual">
        <type><ref refid="group__call__logs_1gab700f6646681d1f4614a049892bc764a" kindref="member">LinphoneCallLog</ref> *</type>
        <definition>LinphoneCallLog* linphone_call_log_ref</definition>
        <argsstring>(LinphoneCallLog *cl)</argsstring>
        <name>linphone_call_log_ref</name>
        <param>
          <type><ref refid="group__call__logs_1gab700f6646681d1f4614a049892bc764a" kindref="member">LinphoneCallLog</ref> *</type>
          <declname>cl</declname>
        </param>
        <briefdescription>
<para>Acquire a reference to the call log. </para>        </briefdescription>
        <detaileddescription>
<para><parameterlist kind="param"><parameteritem>
<parameternamelist>
<parametername direction="in">cl</parametername>
</parameternamelist>
<parameterdescription>
<para>LinphoneCallLog object </para></parameterdescription>
</parameteritem>
</parameterlist>
<simplesect kind="return"><para>The same LinphoneCallLog object </para></simplesect>
</para>        </detaileddescription>
        <inbodydescription>
        </inbodydescription>
        <location file="C:/Jenkins/workspace/linphone-qt-win32/submodules/linphone/include/linphone/call_log.h" line="192" column="1"/>
      </memberdef>
      <memberdef kind="function" id="group__call__logs_1ga802bbd28cc29824d80a70ad33e5b8ea6" prot="public" static="no" const="no" explicit="no" inline="no" virt="non-virtual">
        <type>void</type>
        <definition>void linphone_call_log_unref</definition>
        <argsstring>(LinphoneCallLog *cl)</argsstring>
        <name>linphone_call_log_unref</name>
        <param>
          <type><ref refid="group__call__logs_1gab700f6646681d1f4614a049892bc764a" kindref="member">LinphoneCallLog</ref> *</type>
          <declname>cl</declname>
        </param>
        <briefdescription>
<para>Release a reference to the call log. </para>        </briefdescription>
        <detaileddescription>
<para><parameterlist kind="param"><parameteritem>
<parameternamelist>
<parametername direction="in">cl</parametername>
</parameternamelist>
<parameterdescription>
<para>LinphoneCallLog object </para></parameterdescription>
</parameteritem>
</parameterlist>
</para>        </detaileddescription>
        <inbodydescription>
        </inbodydescription>
        <location file="C:/Jenkins/workspace/linphone-qt-win32/submodules/linphone/include/linphone/call_log.h" line="198" column="1"/>
      </memberdef>
      <memberdef kind="function" id="group__call__logs_1ga1140dfe4b51ba832f42984a3c438995c" prot="public" static="no" const="no" explicit="no" inline="no" virt="non-virtual">
        <type>LINPHONE_DEPRECATED void</type>
        <definition>LINPHONE_DEPRECATED void linphone_call_log_destroy</definition>
        <argsstring>(LinphoneCallLog *cl)</argsstring>
        <name>linphone_call_log_destroy</name>
        <param>
          <type><ref refid="group__call__logs_1gab700f6646681d1f4614a049892bc764a" kindref="member">LinphoneCallLog</ref> *</type>
          <declname>cl</declname>
        </param>
        <briefdescription>
<para>Destroy a LinphoneCallLog. </para>        </briefdescription>
        <detaileddescription>
<para><parameterlist kind="param"><parameteritem>
<parameternamelist>
<parametername>cl</parametername>
</parameternamelist>
<parameterdescription>
<para>LinphoneCallLog object </para></parameterdescription>
</parameteritem>
</parameterlist>
<xrefsect id="deprecated_1_deprecated000010"><xreftitle>Deprecated</xreftitle><xrefdescription><para>Use <ref refid="group__call__logs_1ga802bbd28cc29824d80a70ad33e5b8ea6" kindref="member">linphone_call_log_unref()</ref> instead.  <donotwrap />  </para></xrefdescription></xrefsect></para>        </detaileddescription>
        <inbodydescription>
        </inbodydescription>
        <location file="C:/Jenkins/workspace/linphone-qt-win32/submodules/linphone/include/linphone/call_log.h" line="223" column="1"/>
      </memberdef>
      </sectiondef>
    <briefdescription>
    </briefdescription>
    <detaileddescription>
    </detaileddescription>
    <programlisting>
<codeline lineno="1"><highlight class="comment">/*</highlight></codeline>
<codeline lineno="2"><highlight class="comment">linphone</highlight></codeline>
<codeline lineno="3"><highlight class="comment">Copyright<sp/>(C)<sp/>2010-2014<sp/><sp/>Belledonne<sp/>Communications<sp/>SARL</highlight></codeline>
<codeline lineno="4"><highlight class="comment"></highlight></codeline>
<codeline lineno="5"><highlight class="comment">This<sp/>program<sp/>is<sp/>free<sp/>software;<sp/>you<sp/>can<sp/>redistribute<sp/>it<sp/>and/or</highlight></codeline>
<codeline lineno="6"><highlight class="comment">modify<sp/>it<sp/>under<sp/>the<sp/>terms<sp/>of<sp/>the<sp/>GNU<sp/>General<sp/>Public<sp/>License</highlight></codeline>
<codeline lineno="7"><highlight class="comment">as<sp/>published<sp/>by<sp/>the<sp/>Free<sp/>Software<sp/>Foundation;<sp/>either<sp/>version<sp/>2</highlight></codeline>
<codeline lineno="8"><highlight class="comment">of<sp/>the<sp/>License,<sp/>or<sp/>(at<sp/>your<sp/>option)<sp/>any<sp/>later<sp/>version.</highlight></codeline>
<codeline lineno="9"><highlight class="comment"></highlight></codeline>
<codeline lineno="10"><highlight class="comment">This<sp/>program<sp/>is<sp/>distributed<sp/>in<sp/>the<sp/>hope<sp/>that<sp/>it<sp/>will<sp/>be<sp/>useful,</highlight></codeline>
<codeline lineno="11"><highlight class="comment">but<sp/>WITHOUT<sp/>ANY<sp/>WARRANTY;<sp/>without<sp/>even<sp/>the<sp/>implied<sp/>warranty<sp/>of</highlight></codeline>
<codeline lineno="12"><highlight class="comment">MERCHANTABILITY<sp/>or<sp/>FITNESS<sp/>FOR<sp/>A<sp/>PARTICULAR<sp/>PURPOSE.<sp/><sp/>See<sp/>the</highlight></codeline>
<codeline lineno="13"><highlight class="comment">GNU<sp/>General<sp/>Public<sp/>License<sp/>for<sp/>more<sp/>details.</highlight></codeline>
<codeline lineno="14"><highlight class="comment"></highlight></codeline>
<codeline lineno="15"><highlight class="comment">You<sp/>should<sp/>have<sp/>received<sp/>a<sp/>copy<sp/>of<sp/>the<sp/>GNU<sp/>General<sp/>Public<sp/>License</highlight></codeline>
<codeline lineno="16"><highlight class="comment">along<sp/>with<sp/>this<sp/>program;<sp/>if<sp/>not,<sp/>write<sp/>to<sp/>the<sp/>Free<sp/>Software</highlight></codeline>
<codeline lineno="17"><highlight class="comment">Foundation,<sp/>Inc.,<sp/>51<sp/>Franklin<sp/>Street,<sp/>Fifth<sp/>Floor,<sp/>Boston,<sp/>MA<sp/><sp/>02110-1301,<sp/>USA.</highlight></codeline>
<codeline lineno="18"><highlight class="comment">*/</highlight><highlight class="normal"></highlight></codeline>
<codeline lineno="19"><highlight class="normal"></highlight></codeline>
<codeline lineno="20"><highlight class="normal"></highlight></codeline>
<codeline lineno="21"><highlight class="normal"></highlight><highlight class="preprocessor">#ifndef<sp/>__LINPHONE_CALL_LOG_H__</highlight><highlight class="normal"></highlight></codeline>
<codeline lineno="22"><highlight class="normal"></highlight><highlight class="preprocessor">#define<sp/>__LINPHONE_CALL_LOG_H__</highlight><highlight class="normal"></highlight></codeline>
<codeline lineno="23"><highlight class="normal"></highlight></codeline>
<codeline lineno="24"><highlight class="normal"></highlight><highlight class="preprocessor">#include<sp/>&quot;linphone/types.h&quot;</highlight><highlight class="normal"></highlight></codeline>
<codeline lineno="25"><highlight class="normal"></highlight></codeline>
<codeline lineno="26"><highlight class="normal"></highlight><highlight class="preprocessor">#ifdef<sp/>__cplusplus</highlight><highlight class="normal"></highlight></codeline>
<codeline lineno="27"><highlight class="normal"></highlight><highlight class="keyword">extern</highlight><highlight class="normal"><sp/></highlight><highlight class="stringliteral">&quot;C&quot;</highlight><highlight class="normal"><sp/>{</highlight></codeline>
<codeline lineno="28"><highlight class="normal"></highlight><highlight class="preprocessor">#endif</highlight><highlight class="normal"></highlight></codeline>
<codeline lineno="29"><highlight class="normal"></highlight></codeline>
<codeline lineno="35"><highlight class="comment">/*******************************************************************************</highlight></codeline>
<codeline lineno="36"><highlight class="comment"><sp/>*<sp/>Public<sp/>functions<sp/><sp/><sp/><sp/><sp/><sp/><sp/><sp/><sp/><sp/><sp/><sp/><sp/><sp/><sp/><sp/><sp/><sp/><sp/><sp/><sp/><sp/><sp/><sp/><sp/><sp/><sp/><sp/><sp/><sp/><sp/><sp/><sp/><sp/><sp/><sp/><sp/><sp/><sp/><sp/><sp/><sp/><sp/><sp/><sp/><sp/><sp/><sp/><sp/><sp/><sp/><sp/><sp/><sp/><sp/><sp/><sp/><sp/><sp/><sp/>*</highlight></codeline>
<codeline lineno="37"><highlight class="comment"><sp/>******************************************************************************/</highlight><highlight class="normal"></highlight></codeline>
<codeline lineno="38"><highlight class="normal"></highlight></codeline>
<codeline lineno="44"><highlight class="normal">LINPHONE_PUBLIC<sp/></highlight><highlight class="keyword">const</highlight><highlight class="normal"><sp/></highlight><highlight class="keywordtype">char</highlight><highlight class="normal"><sp/>*<sp/><ref refid="group__call__logs_1gae2a190bb030970e723f0c8d8505b83a7" kindref="member">linphone_call_log_get_call_id</ref>(</highlight><highlight class="keyword">const</highlight><highlight class="normal"><sp/><ref refid="group__call__logs_1gab700f6646681d1f4614a049892bc764a" kindref="member">LinphoneCallLog</ref><sp/>*cl);</highlight></codeline>
<codeline lineno="45"><highlight class="normal"></highlight></codeline>
<codeline lineno="51"><highlight class="normal">LINPHONE_PUBLIC<sp/><ref refid="group__call__logs_1ga1034661c7fea264b5e01b72f39987b77" kindref="member">LinphoneCallDir</ref><sp/><ref refid="group__call__logs_1ga847aa4ed07183ce7fdd69814683de953" kindref="member">linphone_call_log_get_dir</ref>(<ref refid="group__call__logs_1gab700f6646681d1f4614a049892bc764a" kindref="member">LinphoneCallLog</ref><sp/>*cl);</highlight></codeline>
<codeline lineno="52"><highlight class="normal"></highlight></codeline>
<codeline lineno="58"><highlight class="normal">LINPHONE_PUBLIC<sp/></highlight><highlight class="keywordtype">int</highlight><highlight class="normal"><sp/><ref refid="group__call__logs_1gad44b7d604092e48ab3b329d651176a09" kindref="member">linphone_call_log_get_duration</ref>(<ref refid="group__call__logs_1gab700f6646681d1f4614a049892bc764a" kindref="member">LinphoneCallLog</ref><sp/>*cl);</highlight></codeline>
<codeline lineno="59"><highlight class="normal"></highlight></codeline>
<codeline lineno="65"><highlight class="normal">LINPHONE_PUBLIC<sp/><ref refid="group__linphone__address_1ga5af5a516ac253e3cda4f51b599a5385b" kindref="member">LinphoneAddress</ref><sp/>*<sp/><ref refid="group__call__logs_1gaaafe867bd6bc91436b0064be70813151" kindref="member">linphone_call_log_get_from_address</ref>(<ref refid="group__call__logs_1gab700f6646681d1f4614a049892bc764a" kindref="member">LinphoneCallLog</ref><sp/>*cl);</highlight></codeline>
<codeline lineno="66"><highlight class="normal"></highlight></codeline>
<codeline lineno="72"><highlight class="normal">LINPHONE_PUBLIC<sp/></highlight><highlight class="keyword">const</highlight><highlight class="normal"><sp/>rtp_stats_t<sp/>*<sp/><ref refid="group__call__logs_1gafc32d586c890fb39c5486586366376e7" kindref="member">linphone_call_log_get_local_stats</ref>(</highlight><highlight class="keyword">const</highlight><highlight class="normal"><sp/><ref refid="group__call__logs_1gab700f6646681d1f4614a049892bc764a" kindref="member">LinphoneCallLog</ref><sp/>*cl);</highlight></codeline>
<codeline lineno="73"><highlight class="normal"></highlight></codeline>
<codeline lineno="79"><highlight class="normal">LINPHONE_PUBLIC<sp/></highlight><highlight class="keywordtype">float</highlight><highlight class="normal"><sp/><ref refid="group__call__logs_1ga9ddfd1fbcf4d04ec845ea60fd3bec40c" kindref="member">linphone_call_log_get_quality</ref>(<ref refid="group__call__logs_1gab700f6646681d1f4614a049892bc764a" kindref="member">LinphoneCallLog</ref><sp/>*cl);</highlight></codeline>
<codeline lineno="80"><highlight class="normal"></highlight></codeline>
<codeline lineno="90"><highlight class="normal">LINPHONE_PUBLIC<sp/></highlight><highlight class="keyword">const</highlight><highlight class="normal"><sp/></highlight><highlight class="keywordtype">char</highlight><highlight class="normal"><sp/>*<sp/><ref refid="group__call__logs_1ga5f7543296ee65b188d1fbf8b534ebff3" kindref="member">linphone_call_log_get_ref_key</ref>(</highlight><highlight class="keyword">const</highlight><highlight class="normal"><sp/><ref refid="group__call__logs_1gab700f6646681d1f4614a049892bc764a" kindref="member">LinphoneCallLog</ref><sp/>*cl);</highlight></codeline>
<codeline lineno="91"><highlight class="normal"></highlight></codeline>
<codeline lineno="97"><highlight class="normal">LINPHONE_PUBLIC<sp/><ref refid="group__linphone__address_1ga5af5a516ac253e3cda4f51b599a5385b" kindref="member">LinphoneAddress</ref><sp/>*<sp/><ref refid="group__call__logs_1ga6c4eaeeb10d59d7a63fcc6e6be42a5c8" kindref="member">linphone_call_log_get_remote_address</ref>(<ref refid="group__call__logs_1gab700f6646681d1f4614a049892bc764a" kindref="member">LinphoneCallLog</ref><sp/>*cl);</highlight></codeline>
<codeline lineno="98"><highlight class="normal"></highlight></codeline>
<codeline lineno="105"><highlight class="normal">LINPHONE_PUBLIC<sp/></highlight><highlight class="keyword">const</highlight><highlight class="normal"><sp/>rtp_stats_t<sp/>*<sp/><ref refid="group__call__logs_1gaebb6a63bab5d3271107227acae94d531" kindref="member">linphone_call_log_get_remote_stats</ref>(</highlight><highlight class="keyword">const</highlight><highlight class="normal"><sp/><ref refid="group__call__logs_1gab700f6646681d1f4614a049892bc764a" kindref="member">LinphoneCallLog</ref><sp/>*cl);</highlight></codeline>
<codeline lineno="106"><highlight class="normal"></highlight></codeline>
<codeline lineno="112"><highlight class="normal">LINPHONE_PUBLIC<sp/>time_t<sp/><ref refid="group__call__logs_1gadc9c4a4551352805dcf2b187541db22b" kindref="member">linphone_call_log_get_start_date</ref>(<ref refid="group__call__logs_1gab700f6646681d1f4614a049892bc764a" kindref="member">LinphoneCallLog</ref><sp/>*cl);</highlight></codeline>
<codeline lineno="113"><highlight class="normal"></highlight></codeline>
<codeline lineno="119"><highlight class="normal">LINPHONE_PUBLIC<sp/><ref refid="group__call__logs_1gafd125fb704d3254856f4a826a6e60a11" kindref="member">LinphoneCallStatus</ref><sp/><ref refid="group__call__logs_1ga09169074d242befc7b1739c6a975aad8" kindref="member">linphone_call_log_get_status</ref>(<ref refid="group__call__logs_1gab700f6646681d1f4614a049892bc764a" kindref="member">LinphoneCallLog</ref><sp/>*cl);</highlight></codeline>
<codeline lineno="120"><highlight class="normal"></highlight></codeline>
<codeline lineno="126"><highlight class="normal">LINPHONE_PUBLIC<sp/><ref refid="group__linphone__address_1ga5af5a516ac253e3cda4f51b599a5385b" kindref="member">LinphoneAddress</ref><sp/>*<sp/><ref refid="group__call__logs_1ga0105f29d6ade6835acd1cf6ae570ca91" kindref="member">linphone_call_log_get_to_address</ref>(<ref refid="group__call__logs_1gab700f6646681d1f4614a049892bc764a" kindref="member">LinphoneCallLog</ref><sp/>*cl);</highlight></codeline>
<codeline lineno="127"><highlight class="normal"></highlight></codeline>
<codeline lineno="137"><highlight class="normal">LINPHONE_PUBLIC<sp/></highlight><highlight class="keywordtype">void</highlight><highlight class="normal"><sp/><ref refid="group__call__logs_1gac12aee1a611bcb6a899582a8d4705be1" kindref="member">linphone_call_log_set_ref_key</ref>(<ref refid="group__call__logs_1gab700f6646681d1f4614a049892bc764a" kindref="member">LinphoneCallLog</ref><sp/>*cl,<sp/></highlight><highlight class="keyword">const</highlight><highlight class="normal"><sp/></highlight><highlight class="keywordtype">char</highlight><highlight class="normal"><sp/>*refkey);</highlight></codeline>
<codeline lineno="138"><highlight class="normal"></highlight></codeline>
<codeline lineno="144"><highlight class="normal">LINPHONE_PUBLIC<sp/>bool_t<sp/><ref refid="group__call__logs_1ga5787f07ce7705433f11f571809ba8066" kindref="member">linphone_call_log_video_enabled</ref>(<ref refid="group__call__logs_1gab700f6646681d1f4614a049892bc764a" kindref="member">LinphoneCallLog</ref><sp/>*cl);</highlight></codeline>
<codeline lineno="145"><highlight class="normal"></highlight></codeline>
<codeline lineno="152"><highlight class="normal">LINPHONE_PUBLIC<sp/></highlight><highlight class="keywordtype">char</highlight><highlight class="normal"><sp/>*<sp/><ref refid="group__call__logs_1ga0710ace4194a6a8923014922c5f93b3d" kindref="member">linphone_call_log_to_str</ref>(<ref refid="group__call__logs_1gab700f6646681d1f4614a049892bc764a" kindref="member">LinphoneCallLog</ref><sp/>*cl);</highlight></codeline>
<codeline lineno="153"><highlight class="normal"></highlight></codeline>
<codeline lineno="159"><highlight class="normal">LINPHONE_PUBLIC<sp/>bool_t<sp/><ref refid="group__call__logs_1gae5d1980d1e48b5f3e8fc156424fb2dda" kindref="member">linphone_call_log_was_conference</ref>(<ref refid="group__call__logs_1gab700f6646681d1f4614a049892bc764a" kindref="member">LinphoneCallLog</ref><sp/>*cl);</highlight></codeline>
<codeline lineno="160"><highlight class="normal"></highlight></codeline>
<codeline lineno="166"><highlight class="normal">LINPHONE_PUBLIC<sp/></highlight><highlight class="keyword">const</highlight><highlight class="normal"><sp/><ref refid="group__misc_1ga8f3b35ce44e1284465ac2859ffbb9db7" kindref="member">LinphoneErrorInfo</ref><sp/>*<ref refid="group__call__logs_1gaa49834b6b92a905bf05cfd6fb9a939ac" kindref="member">linphone_call_log_get_error_info</ref>(<ref refid="group__call__logs_1gab700f6646681d1f4614a049892bc764a" kindref="member">LinphoneCallLog</ref><sp/>*cl);</highlight></codeline>
<codeline lineno="167"><highlight class="normal"></highlight></codeline>
<codeline lineno="168"><highlight class="normal"></highlight></codeline>
<codeline lineno="169"><highlight class="normal"></highlight><highlight class="comment">/*******************************************************************************</highlight></codeline>
<codeline lineno="170"><highlight class="comment"><sp/>*<sp/>Reference<sp/>and<sp/>user<sp/>data<sp/>handling<sp/>functions<sp/><sp/><sp/><sp/><sp/><sp/><sp/><sp/><sp/><sp/><sp/><sp/><sp/><sp/><sp/><sp/><sp/><sp/><sp/><sp/><sp/><sp/><sp/><sp/><sp/><sp/><sp/><sp/><sp/><sp/><sp/><sp/><sp/><sp/>*</highlight></codeline>
<codeline lineno="171"><highlight class="comment"><sp/>******************************************************************************/</highlight><highlight class="normal"></highlight></codeline>
<codeline lineno="172"><highlight class="normal"></highlight></codeline>
<codeline lineno="178"><highlight class="normal">LINPHONE_PUBLIC<sp/></highlight><highlight class="keywordtype">void</highlight><highlight class="normal"><sp/>*<ref refid="group__call__logs_1ga7739aef07704316d9d92d50262ddd767" kindref="member">linphone_call_log_get_user_data</ref>(</highlight><highlight class="keyword">const</highlight><highlight class="normal"><sp/><ref refid="group__call__logs_1gab700f6646681d1f4614a049892bc764a" kindref="member">LinphoneCallLog</ref><sp/>*cl);</highlight></codeline>
<codeline lineno="179"><highlight class="normal"></highlight></codeline>
<codeline lineno="185"><highlight class="normal">LINPHONE_PUBLIC<sp/></highlight><highlight class="keywordtype">void</highlight><highlight class="normal"><sp/><ref refid="group__call__logs_1gadb77bcb2b2beb031bcbf6f0bcc62652a" kindref="member">linphone_call_log_set_user_data</ref>(<ref refid="group__call__logs_1gab700f6646681d1f4614a049892bc764a" kindref="member">LinphoneCallLog</ref><sp/>*cl,<sp/></highlight><highlight class="keywordtype">void</highlight><highlight class="normal"><sp/>*ud);</highlight></codeline>
<codeline lineno="186"><highlight class="normal"></highlight></codeline>
<codeline lineno="192"><highlight class="normal">LINPHONE_PUBLIC<sp/><ref refid="group__call__logs_1gab700f6646681d1f4614a049892bc764a" kindref="member">LinphoneCallLog</ref><sp/>*<sp/><ref refid="group__call__logs_1ga2f3af8bb19866a4bbeebefa17bf2b806" kindref="member">linphone_call_log_ref</ref>(<ref refid="group__call__logs_1gab700f6646681d1f4614a049892bc764a" kindref="member">LinphoneCallLog</ref><sp/>*cl);</highlight></codeline>
<codeline lineno="193"><highlight class="normal"></highlight></codeline>
<codeline lineno="198"><highlight class="normal">LINPHONE_PUBLIC<sp/></highlight><highlight class="keywordtype">void</highlight><highlight class="normal"><sp/><ref refid="group__call__logs_1ga802bbd28cc29824d80a70ad33e5b8ea6" kindref="member">linphone_call_log_unref</ref>(<ref refid="group__call__logs_1gab700f6646681d1f4614a049892bc764a" kindref="member">LinphoneCallLog</ref><sp/>*cl);</highlight></codeline>
<codeline lineno="199"><highlight class="normal"></highlight></codeline>
<codeline lineno="200"><highlight class="normal"></highlight></codeline>
<codeline lineno="201"><highlight class="normal"></highlight><highlight class="comment">/*******************************************************************************</highlight></codeline>
<codeline lineno="202"><highlight class="comment"><sp/>*<sp/>DEPRECATED<sp/><sp/><sp/><sp/><sp/><sp/><sp/><sp/><sp/><sp/><sp/><sp/><sp/><sp/><sp/><sp/><sp/><sp/><sp/><sp/><sp/><sp/><sp/><sp/><sp/><sp/><sp/><sp/><sp/><sp/><sp/><sp/><sp/><sp/><sp/><sp/><sp/><sp/><sp/><sp/><sp/><sp/><sp/><sp/><sp/><sp/><sp/><sp/><sp/><sp/><sp/><sp/><sp/><sp/><sp/><sp/><sp/><sp/><sp/><sp/><sp/><sp/><sp/><sp/><sp/><sp/>*</highlight></codeline>
<codeline lineno="203"><highlight class="comment"><sp/>******************************************************************************/</highlight><highlight class="normal"></highlight></codeline>
<codeline lineno="204"><highlight class="normal"></highlight></codeline>
<codeline lineno="206"><highlight class="preprocessor">#define<sp/>linphone_call_log_get_from(cl)<sp/>linphone_call_log_get_from_address(cl)</highlight><highlight class="normal"></highlight></codeline>
<codeline lineno="207"><highlight class="normal"></highlight></codeline>
<codeline lineno="209"><highlight class="preprocessor">#define<sp/>linphone_call_log_get_to(cl)<sp/>linphone_call_log_get_to_address(cl)</highlight><highlight class="normal"></highlight></codeline>
<codeline lineno="210"><highlight class="normal"></highlight></codeline>
<codeline lineno="212"><highlight class="preprocessor">#define<sp/>linphone_call_log_set_user_pointer(cl,<sp/>ud)<sp/>linphone_call_log_set_user_data(cl,<sp/>ud)</highlight><highlight class="normal"></highlight></codeline>
<codeline lineno="213"><highlight class="normal"></highlight></codeline>
<codeline lineno="215"><highlight class="preprocessor">#define<sp/>linphone_call_log_get_user_pointer(cl)<sp/>linphone_call_log_get_user_data(cl)</highlight><highlight class="normal"></highlight></codeline>
<codeline lineno="216"><highlight class="normal"></highlight></codeline>
<codeline lineno="223"><highlight class="normal">LINPHONE_PUBLIC<sp/>LINPHONE_DEPRECATED<sp/></highlight><highlight class="keywordtype">void</highlight><highlight class="normal"><sp/><ref refid="group__call__logs_1ga1140dfe4b51ba832f42984a3c438995c" kindref="member">linphone_call_log_destroy</ref>(<ref refid="group__call__logs_1gab700f6646681d1f4614a049892bc764a" kindref="member">LinphoneCallLog</ref><sp/>*cl);</highlight></codeline>
<codeline lineno="224"><highlight class="normal"></highlight></codeline>
<codeline lineno="229"><highlight class="preprocessor">#ifdef<sp/>__cplusplus</highlight><highlight class="normal"></highlight></codeline>
<codeline lineno="230"><highlight class="normal">}</highlight></codeline>
<codeline lineno="231"><highlight class="normal"></highlight><highlight class="preprocessor">#endif</highlight><highlight class="normal"></highlight></codeline>
<codeline lineno="232"><highlight class="normal"></highlight></codeline>
<codeline lineno="233"><highlight class="normal"></highlight><highlight class="preprocessor">#endif<sp/></highlight><highlight class="comment">/*<sp/>__LINPHONE_CALL_LOG_H__<sp/>*/</highlight><highlight class="preprocessor"></highlight></codeline>
    </programlisting>
    <location file="C:/Jenkins/workspace/linphone-qt-win32/submodules/linphone/include/linphone/call_log.h"/>
  </compounddef>
</doxygen>
