<?xml version='1.0' encoding='UTF-8' standalone='no'?>
<doxygen xmlns:xsi="http://www.w3.org/2001/XMLSchema-instance" xsi:noNamespaceSchemaLocation="compound.xsd" version="1.8.11">
  <compounddef id="content_8h" kind="file" language="C++">
    <compoundname>content.h</compoundname>
    <includes refid="types_8h" local="yes">linphone/types.h</includes>
    <includedby refid="core_8h" local="yes">core.h</includedby>
      <sectiondef kind="func">
      <memberdef kind="function" id="group__misc_1ga41fd0185bb06353e0cd3baa7a3a07527" prot="public" static="no" const="no" explicit="no" inline="no" virt="non-virtual">
        <type><ref refid="group__misc_1gaec435ed53168e70535e64b69a906304b" kindref="member">LinphoneContent</ref> *</type>
        <definition>LinphoneContent* linphone_content_ref</definition>
        <argsstring>(LinphoneContent *content)</argsstring>
        <name>linphone_content_ref</name>
        <param>
          <type><ref refid="group__misc_1gaec435ed53168e70535e64b69a906304b" kindref="member">LinphoneContent</ref> *</type>
          <declname>content</declname>
        </param>
        <briefdescription>
<para>Acquire a reference to the content. </para>        </briefdescription>
        <detaileddescription>
<para><parameterlist kind="param"><parameteritem>
<parameternamelist>
<parametername direction="in">content</parametername>
</parameternamelist>
<parameterdescription>
<para>LinphoneContent object. </para></parameterdescription>
</parameteritem>
</parameterlist>
<simplesect kind="return"><para>The same LinphoneContent object. </para></simplesect>
</para>        </detaileddescription>
        <inbodydescription>
        </inbodydescription>
        <location file="C:/Jenkins/workspace/linphone-qt-win32/submodules/linphone/include/linphone/content.h" line="42" column="1"/>
      </memberdef>
      <memberdef kind="function" id="group__misc_1gade43cdd34f75b7dc7235eaf841878557" prot="public" static="no" const="no" explicit="no" inline="no" virt="non-virtual">
        <type>void</type>
        <definition>void linphone_content_unref</definition>
        <argsstring>(LinphoneContent *content)</argsstring>
        <name>linphone_content_unref</name>
        <param>
          <type><ref refid="group__misc_1gaec435ed53168e70535e64b69a906304b" kindref="member">LinphoneContent</ref> *</type>
          <declname>content</declname>
        </param>
        <briefdescription>
<para>Release reference to the content. </para>        </briefdescription>
        <detaileddescription>
<para><parameterlist kind="param"><parameteritem>
<parameternamelist>
<parametername direction="in">content</parametername>
</parameternamelist>
<parameterdescription>
<para>LinphoneContent object. </para></parameterdescription>
</parameteritem>
</parameterlist>
</para>        </detaileddescription>
        <inbodydescription>
        </inbodydescription>
        <location file="C:/Jenkins/workspace/linphone-qt-win32/submodules/linphone/include/linphone/content.h" line="48" column="1"/>
      </memberdef>
      <memberdef kind="function" id="group__misc_1gaf6a23771378ffa661c53b0bbca0274a0" prot="public" static="no" const="no" explicit="no" inline="no" virt="non-virtual">
        <type>void *</type>
        <definition>void* linphone_content_get_user_data</definition>
        <argsstring>(const LinphoneContent *content)</argsstring>
        <name>linphone_content_get_user_data</name>
        <param>
          <type>const <ref refid="group__misc_1gaec435ed53168e70535e64b69a906304b" kindref="member">LinphoneContent</ref> *</type>
          <declname>content</declname>
        </param>
        <briefdescription>
<para>Retrieve the user pointer associated with the content. </para>        </briefdescription>
        <detaileddescription>
<para><parameterlist kind="param"><parameteritem>
<parameternamelist>
<parametername direction="in">content</parametername>
</parameternamelist>
<parameterdescription>
<para>LinphoneContent object. </para></parameterdescription>
</parameteritem>
</parameterlist>
<simplesect kind="return"><para>The user pointer associated with the content. </para></simplesect>
</para>        </detaileddescription>
        <inbodydescription>
        </inbodydescription>
        <location file="C:/Jenkins/workspace/linphone-qt-win32/submodules/linphone/include/linphone/content.h" line="55" column="1"/>
      </memberdef>
      <memberdef kind="function" id="group__misc_1ga92366bc8e3f54afc6fef0977ab24809b" prot="public" static="no" const="no" explicit="no" inline="no" virt="non-virtual">
        <type>void</type>
        <definition>void linphone_content_set_user_data</definition>
        <argsstring>(LinphoneContent *content, void *ud)</argsstring>
        <name>linphone_content_set_user_data</name>
        <param>
          <type><ref refid="group__misc_1gaec435ed53168e70535e64b69a906304b" kindref="member">LinphoneContent</ref> *</type>
          <declname>content</declname>
        </param>
        <param>
          <type>void *</type>
          <declname>ud</declname>
        </param>
        <briefdescription>
<para>Assign a user pointer to the content. </para>        </briefdescription>
        <detaileddescription>
<para><parameterlist kind="param"><parameteritem>
<parameternamelist>
<parametername direction="in">content</parametername>
</parameternamelist>
<parameterdescription>
<para>LinphoneContent object. </para></parameterdescription>
</parameteritem>
<parameteritem>
<parameternamelist>
<parametername direction="in">ud</parametername>
</parameternamelist>
<parameterdescription>
<para>The user pointer to associate with the content. </para></parameterdescription>
</parameteritem>
</parameterlist>
</para>        </detaileddescription>
        <inbodydescription>
        </inbodydescription>
        <location file="C:/Jenkins/workspace/linphone-qt-win32/submodules/linphone/include/linphone/content.h" line="62" column="1"/>
      </memberdef>
      <memberdef kind="function" id="group__misc_1ga379f8e7745a2de3e455ce0118bf9ef17" prot="public" static="no" const="no" explicit="no" inline="no" virt="non-virtual">
        <type>const char *</type>
        <definition>const char* linphone_content_get_type</definition>
        <argsstring>(const LinphoneContent *content)</argsstring>
        <name>linphone_content_get_type</name>
        <param>
          <type>const <ref refid="group__misc_1gaec435ed53168e70535e64b69a906304b" kindref="member">LinphoneContent</ref> *</type>
          <declname>content</declname>
        </param>
        <briefdescription>
<para>Get the mime type of the content data. </para>        </briefdescription>
        <detaileddescription>
<para><parameterlist kind="param"><parameteritem>
<parameternamelist>
<parametername direction="in">content</parametername>
</parameternamelist>
<parameterdescription>
<para>LinphoneContent object. </para></parameterdescription>
</parameteritem>
</parameterlist>
<simplesect kind="return"><para>The mime type of the content data, for example &quot;application&quot;. </para></simplesect>
</para>        </detaileddescription>
        <inbodydescription>
        </inbodydescription>
        <location file="C:/Jenkins/workspace/linphone-qt-win32/submodules/linphone/include/linphone/content.h" line="69" column="1"/>
      </memberdef>
      <memberdef kind="function" id="group__misc_1ga66566afd0dfed5aa6ffeef8d01107115" prot="public" static="no" const="no" explicit="no" inline="no" virt="non-virtual">
        <type>void</type>
        <definition>void linphone_content_set_type</definition>
        <argsstring>(LinphoneContent *content, const char *type)</argsstring>
        <name>linphone_content_set_type</name>
        <param>
          <type><ref refid="group__misc_1gaec435ed53168e70535e64b69a906304b" kindref="member">LinphoneContent</ref> *</type>
          <declname>content</declname>
        </param>
        <param>
          <type>const char *</type>
          <declname>type</declname>
        </param>
        <briefdescription>
<para>Set the mime type of the content data. </para>        </briefdescription>
        <detaileddescription>
<para><parameterlist kind="param"><parameteritem>
<parameternamelist>
<parametername direction="in">content</parametername>
</parameternamelist>
<parameterdescription>
<para>LinphoneContent object. </para></parameterdescription>
</parameteritem>
<parameteritem>
<parameternamelist>
<parametername direction="in">type</parametername>
</parameternamelist>
<parameterdescription>
<para>The mime type of the content data, for example &quot;application&quot;. </para></parameterdescription>
</parameteritem>
</parameterlist>
</para>        </detaileddescription>
        <inbodydescription>
        </inbodydescription>
        <location file="C:/Jenkins/workspace/linphone-qt-win32/submodules/linphone/include/linphone/content.h" line="76" column="1"/>
      </memberdef>
      <memberdef kind="function" id="group__misc_1ga1db8ed3a33ec65006f7f66f299ff7c90" prot="public" static="no" const="no" explicit="no" inline="no" virt="non-virtual">
        <type>const char *</type>
        <definition>const char* linphone_content_get_subtype</definition>
        <argsstring>(const LinphoneContent *content)</argsstring>
        <name>linphone_content_get_subtype</name>
        <param>
          <type>const <ref refid="group__misc_1gaec435ed53168e70535e64b69a906304b" kindref="member">LinphoneContent</ref> *</type>
          <declname>content</declname>
        </param>
        <briefdescription>
<para>Get the mime subtype of the content data. </para>        </briefdescription>
        <detaileddescription>
<para><parameterlist kind="param"><parameteritem>
<parameternamelist>
<parametername direction="in">content</parametername>
</parameternamelist>
<parameterdescription>
<para>LinphoneContent object. </para></parameterdescription>
</parameteritem>
</parameterlist>
<simplesect kind="return"><para>The mime subtype of the content data, for example &quot;html&quot;. </para></simplesect>
</para>        </detaileddescription>
        <inbodydescription>
        </inbodydescription>
        <location file="C:/Jenkins/workspace/linphone-qt-win32/submodules/linphone/include/linphone/content.h" line="83" column="1"/>
      </memberdef>
      <memberdef kind="function" id="group__misc_1gad108bbca12fa637acc4337bfdee84988" prot="public" static="no" const="no" explicit="no" inline="no" virt="non-virtual">
        <type>void</type>
        <definition>void linphone_content_set_subtype</definition>
        <argsstring>(LinphoneContent *content, const char *subtype)</argsstring>
        <name>linphone_content_set_subtype</name>
        <param>
          <type><ref refid="group__misc_1gaec435ed53168e70535e64b69a906304b" kindref="member">LinphoneContent</ref> *</type>
          <declname>content</declname>
        </param>
        <param>
          <type>const char *</type>
          <declname>subtype</declname>
        </param>
        <briefdescription>
<para>Set the mime subtype of the content data. </para>        </briefdescription>
        <detaileddescription>
<para><parameterlist kind="param"><parameteritem>
<parameternamelist>
<parametername direction="in">content</parametername>
</parameternamelist>
<parameterdescription>
<para>LinphoneContent object. </para></parameterdescription>
</parameteritem>
<parameteritem>
<parameternamelist>
<parametername direction="in">subtype</parametername>
</parameternamelist>
<parameterdescription>
<para>The mime subtype of the content data, for example &quot;html&quot;. </para></parameterdescription>
</parameteritem>
</parameterlist>
</para>        </detaileddescription>
        <inbodydescription>
        </inbodydescription>
        <location file="C:/Jenkins/workspace/linphone-qt-win32/submodules/linphone/include/linphone/content.h" line="90" column="1"/>
      </memberdef>
      <memberdef kind="function" id="group__misc_1gad0c42152876c8902245b1ee5c1dcda99" prot="public" static="no" const="no" explicit="no" inline="no" virt="non-virtual">
        <type>void *</type>
        <definition>void* linphone_content_get_buffer</definition>
        <argsstring>(const LinphoneContent *content)</argsstring>
        <name>linphone_content_get_buffer</name>
        <param>
          <type>const <ref refid="group__misc_1gaec435ed53168e70535e64b69a906304b" kindref="member">LinphoneContent</ref> *</type>
          <declname>content</declname>
        </param>
        <briefdescription>
<para>Get the content data buffer, usually a string. </para>        </briefdescription>
        <detaileddescription>
<para><parameterlist kind="param"><parameteritem>
<parameternamelist>
<parametername direction="in">content</parametername>
</parameternamelist>
<parameterdescription>
<para>LinphoneContent object. </para></parameterdescription>
</parameteritem>
</parameterlist>
<simplesect kind="return"><para>The content data buffer. </para></simplesect>
</para>        </detaileddescription>
        <inbodydescription>
        </inbodydescription>
        <location file="C:/Jenkins/workspace/linphone-qt-win32/submodules/linphone/include/linphone/content.h" line="97" column="1"/>
      </memberdef>
      <memberdef kind="function" id="group__misc_1ga38a3adfd89fe3fc8e9bd51630a3080c9" prot="public" static="no" const="no" explicit="no" inline="no" virt="non-virtual">
        <type>void</type>
        <definition>void linphone_content_set_buffer</definition>
        <argsstring>(LinphoneContent *content, const void *buffer, size_t size)</argsstring>
        <name>linphone_content_set_buffer</name>
        <param>
          <type><ref refid="group__misc_1gaec435ed53168e70535e64b69a906304b" kindref="member">LinphoneContent</ref> *</type>
          <declname>content</declname>
        </param>
        <param>
          <type>const void *</type>
          <declname>buffer</declname>
        </param>
        <param>
          <type>size_t</type>
          <declname>size</declname>
        </param>
        <briefdescription>
<para>Set the content data buffer, usually a string. </para>        </briefdescription>
        <detaileddescription>
<para><parameterlist kind="param"><parameteritem>
<parameternamelist>
<parametername direction="in">content</parametername>
</parameternamelist>
<parameterdescription>
<para>LinphoneContent object. </para></parameterdescription>
</parameteritem>
<parameteritem>
<parameternamelist>
<parametername direction="in">buffer</parametername>
</parameternamelist>
<parameterdescription>
<para>The content data buffer. </para></parameterdescription>
</parameteritem>
<parameteritem>
<parameternamelist>
<parametername direction="in">size</parametername>
</parameternamelist>
<parameterdescription>
<para>The size of the content data buffer. </para></parameterdescription>
</parameteritem>
</parameterlist>
</para>        </detaileddescription>
        <inbodydescription>
        </inbodydescription>
        <location file="C:/Jenkins/workspace/linphone-qt-win32/submodules/linphone/include/linphone/content.h" line="105" column="1"/>
      </memberdef>
      <memberdef kind="function" id="group__misc_1gaace2e359f6cbfb055f93e31301189043" prot="public" static="no" const="no" explicit="no" inline="no" virt="non-virtual">
        <type>const char *</type>
        <definition>const char* linphone_content_get_string_buffer</definition>
        <argsstring>(const LinphoneContent *content)</argsstring>
        <name>linphone_content_get_string_buffer</name>
        <param>
          <type>const <ref refid="group__misc_1gaec435ed53168e70535e64b69a906304b" kindref="member">LinphoneContent</ref> *</type>
          <declname>content</declname>
        </param>
        <briefdescription>
<para>Get the string content data buffer. </para>        </briefdescription>
        <detaileddescription>
<para><parameterlist kind="param"><parameteritem>
<parameternamelist>
<parametername direction="in">content</parametername>
</parameternamelist>
<parameterdescription>
<para>LinphoneContent object </para></parameterdescription>
</parameteritem>
</parameterlist>
<simplesect kind="return"><para>The string content data buffer. </para></simplesect>
</para>        </detaileddescription>
        <inbodydescription>
        </inbodydescription>
        <location file="C:/Jenkins/workspace/linphone-qt-win32/submodules/linphone/include/linphone/content.h" line="112" column="1"/>
      </memberdef>
      <memberdef kind="function" id="group__misc_1ga669c8540331c867238b2e04230d05780" prot="public" static="no" const="no" explicit="no" inline="no" virt="non-virtual">
        <type>void</type>
        <definition>void linphone_content_set_string_buffer</definition>
        <argsstring>(LinphoneContent *content, const char *buffer)</argsstring>
        <name>linphone_content_set_string_buffer</name>
        <param>
          <type><ref refid="group__misc_1gaec435ed53168e70535e64b69a906304b" kindref="member">LinphoneContent</ref> *</type>
          <declname>content</declname>
        </param>
        <param>
          <type>const char *</type>
          <declname>buffer</declname>
        </param>
        <briefdescription>
<para>Set the string content data buffer. </para>        </briefdescription>
        <detaileddescription>
<para><parameterlist kind="param"><parameteritem>
<parameternamelist>
<parametername direction="in">content</parametername>
</parameternamelist>
<parameterdescription>
<para>LinphoneContent object. </para></parameterdescription>
</parameteritem>
<parameteritem>
<parameternamelist>
<parametername direction="in">buffer</parametername>
</parameternamelist>
<parameterdescription>
<para>The string content data buffer. </para></parameterdescription>
</parameteritem>
</parameterlist>
</para>        </detaileddescription>
        <inbodydescription>
        </inbodydescription>
        <location file="C:/Jenkins/workspace/linphone-qt-win32/submodules/linphone/include/linphone/content.h" line="119" column="1"/>
      </memberdef>
      <memberdef kind="function" id="group__misc_1gae8a4c8a64c5932b64abeef6de29cf6da" prot="public" static="no" const="no" explicit="no" inline="no" virt="non-virtual">
        <type>size_t</type>
        <definition>size_t linphone_content_get_size</definition>
        <argsstring>(const LinphoneContent *content)</argsstring>
        <name>linphone_content_get_size</name>
        <param>
          <type>const <ref refid="group__misc_1gaec435ed53168e70535e64b69a906304b" kindref="member">LinphoneContent</ref> *</type>
          <declname>content</declname>
        </param>
        <briefdescription>
<para>Get the content data buffer size, excluding null character despite null character is always set for convenience. </para>        </briefdescription>
        <detaileddescription>
<para><parameterlist kind="param"><parameteritem>
<parameternamelist>
<parametername direction="in">content</parametername>
</parameternamelist>
<parameterdescription>
<para>LinphoneContent object. </para></parameterdescription>
</parameteritem>
</parameterlist>
<simplesect kind="return"><para>The content data buffer size. </para></simplesect>
</para>        </detaileddescription>
        <inbodydescription>
        </inbodydescription>
        <location file="C:/Jenkins/workspace/linphone-qt-win32/submodules/linphone/include/linphone/content.h" line="126" column="1"/>
      </memberdef>
      <memberdef kind="function" id="group__misc_1ga6ffe22ea0b09379882e7d41c27641817" prot="public" static="no" const="no" explicit="no" inline="no" virt="non-virtual">
        <type>void</type>
        <definition>void linphone_content_set_size</definition>
        <argsstring>(LinphoneContent *content, size_t size)</argsstring>
        <name>linphone_content_set_size</name>
        <param>
          <type><ref refid="group__misc_1gaec435ed53168e70535e64b69a906304b" kindref="member">LinphoneContent</ref> *</type>
          <declname>content</declname>
        </param>
        <param>
          <type>size_t</type>
          <declname>size</declname>
        </param>
        <briefdescription>
<para>Set the content data size, excluding null character despite null character is always set for convenience. </para>        </briefdescription>
        <detaileddescription>
<para><parameterlist kind="param"><parameteritem>
<parameternamelist>
<parametername direction="in">content</parametername>
</parameternamelist>
<parameterdescription>
<para>LinphoneContent object </para></parameterdescription>
</parameteritem>
<parameteritem>
<parameternamelist>
<parametername direction="in">size</parametername>
</parameternamelist>
<parameterdescription>
<para>The content data buffer size. </para></parameterdescription>
</parameteritem>
</parameterlist>
</para>        </detaileddescription>
        <inbodydescription>
        </inbodydescription>
        <location file="C:/Jenkins/workspace/linphone-qt-win32/submodules/linphone/include/linphone/content.h" line="133" column="1"/>
      </memberdef>
      <memberdef kind="function" id="group__misc_1ga919e6b95e189777be35d1b65d30abef9" prot="public" static="no" const="no" explicit="no" inline="no" virt="non-virtual">
        <type>const char *</type>
        <definition>const char* linphone_content_get_encoding</definition>
        <argsstring>(const LinphoneContent *content)</argsstring>
        <name>linphone_content_get_encoding</name>
        <param>
          <type>const <ref refid="group__misc_1gaec435ed53168e70535e64b69a906304b" kindref="member">LinphoneContent</ref> *</type>
          <declname>content</declname>
        </param>
        <briefdescription>
<para>Get the encoding of the data buffer, for example &quot;gzip&quot;. </para>        </briefdescription>
        <detaileddescription>
<para><parameterlist kind="param"><parameteritem>
<parameternamelist>
<parametername direction="in">content</parametername>
</parameternamelist>
<parameterdescription>
<para>LinphoneContent object. </para></parameterdescription>
</parameteritem>
</parameterlist>
<simplesect kind="return"><para>The encoding of the data buffer. </para></simplesect>
</para>        </detaileddescription>
        <inbodydescription>
        </inbodydescription>
        <location file="C:/Jenkins/workspace/linphone-qt-win32/submodules/linphone/include/linphone/content.h" line="140" column="1"/>
      </memberdef>
      <memberdef kind="function" id="group__misc_1gaec526b2aed52d33b78cf22273c7c7c53" prot="public" static="no" const="no" explicit="no" inline="no" virt="non-virtual">
        <type>void</type>
        <definition>void linphone_content_set_encoding</definition>
        <argsstring>(LinphoneContent *content, const char *encoding)</argsstring>
        <name>linphone_content_set_encoding</name>
        <param>
          <type><ref refid="group__misc_1gaec435ed53168e70535e64b69a906304b" kindref="member">LinphoneContent</ref> *</type>
          <declname>content</declname>
        </param>
        <param>
          <type>const char *</type>
          <declname>encoding</declname>
        </param>
        <briefdescription>
<para>Set the encoding of the data buffer, for example &quot;gzip&quot;. </para>        </briefdescription>
        <detaileddescription>
<para><parameterlist kind="param"><parameteritem>
<parameternamelist>
<parametername direction="in">content</parametername>
</parameternamelist>
<parameterdescription>
<para>LinphoneContent object. </para></parameterdescription>
</parameteritem>
<parameteritem>
<parameternamelist>
<parametername direction="in">encoding</parametername>
</parameternamelist>
<parameterdescription>
<para>The encoding of the data buffer. </para></parameterdescription>
</parameteritem>
</parameterlist>
</para>        </detaileddescription>
        <inbodydescription>
        </inbodydescription>
        <location file="C:/Jenkins/workspace/linphone-qt-win32/submodules/linphone/include/linphone/content.h" line="147" column="1"/>
      </memberdef>
      <memberdef kind="function" id="group__misc_1ga8b2df80a1495b2454db68b277f640712" prot="public" static="no" const="no" explicit="no" inline="no" virt="non-virtual">
        <type>const char *</type>
        <definition>const char* linphone_content_get_name</definition>
        <argsstring>(const LinphoneContent *content)</argsstring>
        <name>linphone_content_get_name</name>
        <param>
          <type>const <ref refid="group__misc_1gaec435ed53168e70535e64b69a906304b" kindref="member">LinphoneContent</ref> *</type>
          <declname>content</declname>
        </param>
        <briefdescription>
<para>Get the name associated with a RCS file transfer message. </para>        </briefdescription>
        <detaileddescription>
<para>It is used to store the original filename of the file to be downloaded from server. <parameterlist kind="param"><parameteritem>
<parameternamelist>
<parametername direction="in">content</parametername>
</parameternamelist>
<parameterdescription>
<para>LinphoneContent object. </para></parameterdescription>
</parameteritem>
</parameterlist>
<simplesect kind="return"><para>The name of the content. </para></simplesect>
</para>        </detaileddescription>
        <inbodydescription>
        </inbodydescription>
        <location file="C:/Jenkins/workspace/linphone-qt-win32/submodules/linphone/include/linphone/content.h" line="154" column="1"/>
      </memberdef>
      <memberdef kind="function" id="group__misc_1ga777cd7daff08a6f9d9dbfe212c6a7e63" prot="public" static="no" const="no" explicit="no" inline="no" virt="non-virtual">
        <type>void</type>
        <definition>void linphone_content_set_name</definition>
        <argsstring>(LinphoneContent *content, const char *name)</argsstring>
        <name>linphone_content_set_name</name>
        <param>
          <type><ref refid="group__misc_1gaec435ed53168e70535e64b69a906304b" kindref="member">LinphoneContent</ref> *</type>
          <declname>content</declname>
        </param>
        <param>
          <type>const char *</type>
          <declname>name</declname>
        </param>
        <briefdescription>
<para>Set the name associated with a RCS file transfer message. </para>        </briefdescription>
        <detaileddescription>
<para>It is used to store the original filename of the file to be downloaded from server. <parameterlist kind="param"><parameteritem>
<parameternamelist>
<parametername direction="in">content</parametername>
</parameternamelist>
<parameterdescription>
<para>LinphoneContent object. </para></parameterdescription>
</parameteritem>
<parameteritem>
<parameternamelist>
<parametername direction="in">name</parametername>
</parameternamelist>
<parameterdescription>
<para>The name of the content. </para></parameterdescription>
</parameteritem>
</parameterlist>
</para>        </detaileddescription>
        <inbodydescription>
        </inbodydescription>
        <location file="C:/Jenkins/workspace/linphone-qt-win32/submodules/linphone/include/linphone/content.h" line="161" column="1"/>
      </memberdef>
      <memberdef kind="function" id="group__misc_1gaab507b68d8913375bd809d80fa0e496b" prot="public" static="no" const="no" explicit="no" inline="no" virt="non-virtual">
        <type>bool_t</type>
        <definition>bool_t linphone_content_is_multipart</definition>
        <argsstring>(const LinphoneContent *content)</argsstring>
        <name>linphone_content_is_multipart</name>
        <param>
          <type>const <ref refid="group__misc_1gaec435ed53168e70535e64b69a906304b" kindref="member">LinphoneContent</ref> *</type>
          <declname>content</declname>
        </param>
        <briefdescription>
<para>Tell whether a content is a multipart content. </para>        </briefdescription>
        <detaileddescription>
<para><parameterlist kind="param"><parameteritem>
<parameternamelist>
<parametername direction="in">content</parametername>
</parameternamelist>
<parameterdescription>
<para>LinphoneContent object. </para></parameterdescription>
</parameteritem>
</parameterlist>
<simplesect kind="return"><para>A boolean value telling whether the content is multipart or not. </para></simplesect>
</para>        </detaileddescription>
        <inbodydescription>
        </inbodydescription>
        <location file="C:/Jenkins/workspace/linphone-qt-win32/submodules/linphone/include/linphone/content.h" line="168" column="1"/>
      </memberdef>
      <memberdef kind="function" id="group__misc_1gab71e363230eaa1100f801a8972e6b747" prot="public" static="no" const="no" explicit="no" inline="no" virt="non-virtual">
        <type><ref refid="group__misc_1gaec435ed53168e70535e64b69a906304b" kindref="member">LinphoneContent</ref> *</type>
        <definition>LinphoneContent* linphone_content_get_part</definition>
        <argsstring>(const LinphoneContent *content, int idx)</argsstring>
        <name>linphone_content_get_part</name>
        <param>
          <type>const <ref refid="group__misc_1gaec435ed53168e70535e64b69a906304b" kindref="member">LinphoneContent</ref> *</type>
          <declname>content</declname>
        </param>
        <param>
          <type>int</type>
          <declname>idx</declname>
        </param>
        <briefdescription>
<para>Get a part from a multipart content according to its index. </para>        </briefdescription>
        <detaileddescription>
<para><parameterlist kind="param"><parameteritem>
<parameternamelist>
<parametername direction="in">content</parametername>
</parameternamelist>
<parameterdescription>
<para>LinphoneContent object. </para></parameterdescription>
</parameteritem>
<parameteritem>
<parameternamelist>
<parametername direction="in">idx</parametername>
</parameternamelist>
<parameterdescription>
<para>The index of the part to get. </para></parameterdescription>
</parameteritem>
</parameterlist>
<simplesect kind="return"><para>A LinphoneContent object holding the part if found, NULL otherwise. </para></simplesect>
</para>        </detaileddescription>
        <inbodydescription>
        </inbodydescription>
        <location file="C:/Jenkins/workspace/linphone-qt-win32/submodules/linphone/include/linphone/content.h" line="176" column="1"/>
      </memberdef>
      <memberdef kind="function" id="group__misc_1gae8589000f3869dd1433ebed93ab86a7c" prot="public" static="no" const="no" explicit="no" inline="no" virt="non-virtual">
        <type><ref refid="group__misc_1gaec435ed53168e70535e64b69a906304b" kindref="member">LinphoneContent</ref> *</type>
        <definition>LinphoneContent* linphone_content_find_part_by_header</definition>
        <argsstring>(const LinphoneContent *content, const char *header_name, const char *header_value)</argsstring>
        <name>linphone_content_find_part_by_header</name>
        <param>
          <type>const <ref refid="group__misc_1gaec435ed53168e70535e64b69a906304b" kindref="member">LinphoneContent</ref> *</type>
          <declname>content</declname>
        </param>
        <param>
          <type>const char *</type>
          <declname>header_name</declname>
        </param>
        <param>
          <type>const char *</type>
          <declname>header_value</declname>
        </param>
        <briefdescription>
<para>Find a part from a multipart content looking for a part header with a specified value. </para>        </briefdescription>
        <detaileddescription>
<para><parameterlist kind="param"><parameteritem>
<parameternamelist>
<parametername direction="in">content</parametername>
</parameternamelist>
<parameterdescription>
<para>LinphoneContent object. </para></parameterdescription>
</parameteritem>
<parameteritem>
<parameternamelist>
<parametername direction="in">header_name</parametername>
</parameternamelist>
<parameterdescription>
<para>The name of the header to look for. </para></parameterdescription>
</parameteritem>
<parameteritem>
<parameternamelist>
<parametername direction="in">header_value</parametername>
</parameternamelist>
<parameterdescription>
<para>The value of the header to look for. </para></parameterdescription>
</parameteritem>
</parameterlist>
<simplesect kind="return"><para>A LinphoneContent object object the part if found, NULL otherwise. </para></simplesect>
</para>        </detaileddescription>
        <inbodydescription>
        </inbodydescription>
        <location file="C:/Jenkins/workspace/linphone-qt-win32/submodules/linphone/include/linphone/content.h" line="185" column="1"/>
      </memberdef>
      <memberdef kind="function" id="group__misc_1gacd1d62572ebe08ca85d151afd9dc5387" prot="public" static="no" const="no" explicit="no" inline="no" virt="non-virtual">
        <type>const char *</type>
        <definition>const char* linphone_content_get_custom_header</definition>
        <argsstring>(const LinphoneContent *content, const char *header_name)</argsstring>
        <name>linphone_content_get_custom_header</name>
        <param>
          <type>const <ref refid="group__misc_1gaec435ed53168e70535e64b69a906304b" kindref="member">LinphoneContent</ref> *</type>
          <declname>content</declname>
        </param>
        <param>
          <type>const char *</type>
          <declname>header_name</declname>
        </param>
        <briefdescription>
<para>Get a custom header value of a content. </para>        </briefdescription>
        <detaileddescription>
<para><parameterlist kind="param"><parameteritem>
<parameternamelist>
<parametername direction="in">content</parametername>
</parameternamelist>
<parameterdescription>
<para>LinphoneContent object. </para></parameterdescription>
</parameteritem>
<parameteritem>
<parameternamelist>
<parametername direction="in">header_name</parametername>
</parameternamelist>
<parameterdescription>
<para>The name of the header to get the value from. </para></parameterdescription>
</parameteritem>
</parameterlist>
<simplesect kind="return"><para>The value of the header if found, NULL otherwise. </para></simplesect>
</para>        </detaileddescription>
        <inbodydescription>
        </inbodydescription>
        <location file="C:/Jenkins/workspace/linphone-qt-win32/submodules/linphone/include/linphone/content.h" line="193" column="1"/>
      </memberdef>
      </sectiondef>
    <briefdescription>
    </briefdescription>
    <detaileddescription>
    </detaileddescription>
    <programlisting>
<codeline lineno="1"><highlight class="comment">/*</highlight></codeline>
<codeline lineno="2"><highlight class="comment">content.h</highlight></codeline>
<codeline lineno="3"><highlight class="comment">Copyright<sp/>(C)<sp/>2010-2014<sp/>Belledonne<sp/>Communications<sp/>SARL</highlight></codeline>
<codeline lineno="4"><highlight class="comment"></highlight></codeline>
<codeline lineno="5"><highlight class="comment">This<sp/>program<sp/>is<sp/>free<sp/>software;<sp/>you<sp/>can<sp/>redistribute<sp/>it<sp/>and/or</highlight></codeline>
<codeline lineno="6"><highlight class="comment">modify<sp/>it<sp/>under<sp/>the<sp/>terms<sp/>of<sp/>the<sp/>GNU<sp/>General<sp/>Public<sp/>License</highlight></codeline>
<codeline lineno="7"><highlight class="comment">as<sp/>published<sp/>by<sp/>the<sp/>Free<sp/>Software<sp/>Foundation;<sp/>either<sp/>version<sp/>2</highlight></codeline>
<codeline lineno="8"><highlight class="comment">of<sp/>the<sp/>License,<sp/>or<sp/>(at<sp/>your<sp/>option)<sp/>any<sp/>later<sp/>version.</highlight></codeline>
<codeline lineno="9"><highlight class="comment"></highlight></codeline>
<codeline lineno="10"><highlight class="comment">This<sp/>program<sp/>is<sp/>distributed<sp/>in<sp/>the<sp/>hope<sp/>that<sp/>it<sp/>will<sp/>be<sp/>useful,</highlight></codeline>
<codeline lineno="11"><highlight class="comment">but<sp/>WITHOUT<sp/>ANY<sp/>WARRANTY;<sp/>without<sp/>even<sp/>the<sp/>implied<sp/>warranty<sp/>of</highlight></codeline>
<codeline lineno="12"><highlight class="comment">MERCHANTABILITY<sp/>or<sp/>FITNESS<sp/>FOR<sp/>A<sp/>PARTICULAR<sp/>PURPOSE.<sp/><sp/>See<sp/>the</highlight></codeline>
<codeline lineno="13"><highlight class="comment">GNU<sp/>General<sp/>Public<sp/>License<sp/>for<sp/>more<sp/>details.</highlight></codeline>
<codeline lineno="14"><highlight class="comment"></highlight></codeline>
<codeline lineno="15"><highlight class="comment">You<sp/>should<sp/>have<sp/>received<sp/>a<sp/>copy<sp/>of<sp/>the<sp/>GNU<sp/>General<sp/>Public<sp/>License</highlight></codeline>
<codeline lineno="16"><highlight class="comment">along<sp/>with<sp/>this<sp/>program;<sp/>if<sp/>not,<sp/>write<sp/>to<sp/>the<sp/>Free<sp/>Software</highlight></codeline>
<codeline lineno="17"><highlight class="comment">Foundation,<sp/>Inc.,<sp/>51<sp/>Franklin<sp/>Street,<sp/>Fifth<sp/>Floor,<sp/>Boston,<sp/>MA<sp/><sp/>02110-1301,<sp/>USA.</highlight></codeline>
<codeline lineno="18"><highlight class="comment">*/</highlight><highlight class="normal"></highlight></codeline>
<codeline lineno="19"><highlight class="normal"></highlight></codeline>
<codeline lineno="20"><highlight class="normal"></highlight><highlight class="preprocessor">#ifndef<sp/>LINPHONE_CONTENT_H_</highlight><highlight class="normal"></highlight></codeline>
<codeline lineno="21"><highlight class="normal"></highlight><highlight class="preprocessor">#define<sp/>LINPHONE_CONTENT_H_</highlight><highlight class="normal"></highlight></codeline>
<codeline lineno="22"><highlight class="normal"></highlight></codeline>
<codeline lineno="23"><highlight class="normal"></highlight></codeline>
<codeline lineno="24"><highlight class="normal"></highlight><highlight class="preprocessor">#include<sp/>&quot;linphone/types.h&quot;</highlight><highlight class="normal"></highlight></codeline>
<codeline lineno="25"><highlight class="normal"></highlight></codeline>
<codeline lineno="26"><highlight class="normal"></highlight></codeline>
<codeline lineno="27"><highlight class="normal"></highlight><highlight class="preprocessor">#ifdef<sp/>__cplusplus</highlight><highlight class="normal"></highlight></codeline>
<codeline lineno="28"><highlight class="normal"></highlight><highlight class="keyword">extern</highlight><highlight class="normal"><sp/></highlight><highlight class="stringliteral">&quot;C&quot;</highlight><highlight class="normal"><sp/>{</highlight></codeline>
<codeline lineno="29"><highlight class="normal"></highlight><highlight class="preprocessor">#endif</highlight><highlight class="normal"></highlight></codeline>
<codeline lineno="30"><highlight class="normal"></highlight></codeline>
<codeline lineno="31"><highlight class="normal"></highlight></codeline>
<codeline lineno="42"><highlight class="normal">LINPHONE_PUBLIC<sp/><ref refid="group__misc_1gaec435ed53168e70535e64b69a906304b" kindref="member">LinphoneContent</ref><sp/>*<sp/><ref refid="group__misc_1ga41fd0185bb06353e0cd3baa7a3a07527" kindref="member">linphone_content_ref</ref>(<ref refid="group__misc_1gaec435ed53168e70535e64b69a906304b" kindref="member">LinphoneContent</ref><sp/>*content);</highlight></codeline>
<codeline lineno="43"><highlight class="normal"></highlight></codeline>
<codeline lineno="48"><highlight class="normal">LINPHONE_PUBLIC<sp/></highlight><highlight class="keywordtype">void</highlight><highlight class="normal"><sp/><ref refid="group__misc_1gade43cdd34f75b7dc7235eaf841878557" kindref="member">linphone_content_unref</ref>(<ref refid="group__misc_1gaec435ed53168e70535e64b69a906304b" kindref="member">LinphoneContent</ref><sp/>*content);</highlight></codeline>
<codeline lineno="49"><highlight class="normal"></highlight></codeline>
<codeline lineno="55"><highlight class="normal">LINPHONE_PUBLIC<sp/></highlight><highlight class="keywordtype">void</highlight><highlight class="normal"><sp/>*<ref refid="group__misc_1gaf6a23771378ffa661c53b0bbca0274a0" kindref="member">linphone_content_get_user_data</ref>(</highlight><highlight class="keyword">const</highlight><highlight class="normal"><sp/><ref refid="group__misc_1gaec435ed53168e70535e64b69a906304b" kindref="member">LinphoneContent</ref><sp/>*content);</highlight></codeline>
<codeline lineno="56"><highlight class="normal"></highlight></codeline>
<codeline lineno="62"><highlight class="normal">LINPHONE_PUBLIC<sp/></highlight><highlight class="keywordtype">void</highlight><highlight class="normal"><sp/><ref refid="group__misc_1ga92366bc8e3f54afc6fef0977ab24809b" kindref="member">linphone_content_set_user_data</ref>(<ref refid="group__misc_1gaec435ed53168e70535e64b69a906304b" kindref="member">LinphoneContent</ref><sp/>*content,<sp/></highlight><highlight class="keywordtype">void</highlight><highlight class="normal"><sp/>*ud);</highlight></codeline>
<codeline lineno="63"><highlight class="normal"></highlight></codeline>
<codeline lineno="69"><highlight class="normal">LINPHONE_PUBLIC<sp/></highlight><highlight class="keyword">const</highlight><highlight class="normal"><sp/></highlight><highlight class="keywordtype">char</highlight><highlight class="normal"><sp/>*<sp/><ref refid="group__misc_1ga379f8e7745a2de3e455ce0118bf9ef17" kindref="member">linphone_content_get_type</ref>(</highlight><highlight class="keyword">const</highlight><highlight class="normal"><sp/><ref refid="group__misc_1gaec435ed53168e70535e64b69a906304b" kindref="member">LinphoneContent</ref><sp/>*content);</highlight></codeline>
<codeline lineno="70"><highlight class="normal"></highlight></codeline>
<codeline lineno="76"><highlight class="normal">LINPHONE_PUBLIC<sp/></highlight><highlight class="keywordtype">void</highlight><highlight class="normal"><sp/><ref refid="group__misc_1ga66566afd0dfed5aa6ffeef8d01107115" kindref="member">linphone_content_set_type</ref>(<ref refid="group__misc_1gaec435ed53168e70535e64b69a906304b" kindref="member">LinphoneContent</ref><sp/>*content,<sp/></highlight><highlight class="keyword">const</highlight><highlight class="normal"><sp/></highlight><highlight class="keywordtype">char</highlight><highlight class="normal"><sp/>*type);</highlight></codeline>
<codeline lineno="77"><highlight class="normal"></highlight></codeline>
<codeline lineno="83"><highlight class="normal">LINPHONE_PUBLIC<sp/></highlight><highlight class="keyword">const</highlight><highlight class="normal"><sp/></highlight><highlight class="keywordtype">char</highlight><highlight class="normal"><sp/>*<sp/><ref refid="group__misc_1ga1db8ed3a33ec65006f7f66f299ff7c90" kindref="member">linphone_content_get_subtype</ref>(</highlight><highlight class="keyword">const</highlight><highlight class="normal"><sp/><ref refid="group__misc_1gaec435ed53168e70535e64b69a906304b" kindref="member">LinphoneContent</ref><sp/>*content);</highlight></codeline>
<codeline lineno="84"><highlight class="normal"></highlight></codeline>
<codeline lineno="90"><highlight class="normal">LINPHONE_PUBLIC<sp/></highlight><highlight class="keywordtype">void</highlight><highlight class="normal"><sp/><ref refid="group__misc_1gad108bbca12fa637acc4337bfdee84988" kindref="member">linphone_content_set_subtype</ref>(<ref refid="group__misc_1gaec435ed53168e70535e64b69a906304b" kindref="member">LinphoneContent</ref><sp/>*content,<sp/></highlight><highlight class="keyword">const</highlight><highlight class="normal"><sp/></highlight><highlight class="keywordtype">char</highlight><highlight class="normal"><sp/>*subtype);</highlight></codeline>
<codeline lineno="91"><highlight class="normal"></highlight></codeline>
<codeline lineno="97"><highlight class="normal">LINPHONE_PUBLIC<sp/></highlight><highlight class="keywordtype">void</highlight><highlight class="normal"><sp/>*<sp/><ref refid="group__misc_1gad0c42152876c8902245b1ee5c1dcda99" kindref="member">linphone_content_get_buffer</ref>(</highlight><highlight class="keyword">const</highlight><highlight class="normal"><sp/><ref refid="group__misc_1gaec435ed53168e70535e64b69a906304b" kindref="member">LinphoneContent</ref><sp/>*content);</highlight></codeline>
<codeline lineno="98"><highlight class="normal"></highlight></codeline>
<codeline lineno="105"><highlight class="normal">LINPHONE_PUBLIC<sp/></highlight><highlight class="keywordtype">void</highlight><highlight class="normal"><sp/><ref refid="group__misc_1ga38a3adfd89fe3fc8e9bd51630a3080c9" kindref="member">linphone_content_set_buffer</ref>(<ref refid="group__misc_1gaec435ed53168e70535e64b69a906304b" kindref="member">LinphoneContent</ref><sp/>*content,<sp/></highlight><highlight class="keyword">const</highlight><highlight class="normal"><sp/></highlight><highlight class="keywordtype">void</highlight><highlight class="normal"><sp/>*buffer,<sp/></highlight><highlight class="keywordtype">size_t</highlight><highlight class="normal"><sp/>size);</highlight></codeline>
<codeline lineno="106"><highlight class="normal"></highlight></codeline>
<codeline lineno="112"><highlight class="normal">LINPHONE_PUBLIC<sp/></highlight><highlight class="keyword">const</highlight><highlight class="normal"><sp/></highlight><highlight class="keywordtype">char</highlight><highlight class="normal"><sp/>*<sp/><ref refid="group__misc_1gaace2e359f6cbfb055f93e31301189043" kindref="member">linphone_content_get_string_buffer</ref>(</highlight><highlight class="keyword">const</highlight><highlight class="normal"><sp/><ref refid="group__misc_1gaec435ed53168e70535e64b69a906304b" kindref="member">LinphoneContent</ref><sp/>*content);</highlight></codeline>
<codeline lineno="113"><highlight class="normal"></highlight></codeline>
<codeline lineno="119"><highlight class="normal">LINPHONE_PUBLIC<sp/></highlight><highlight class="keywordtype">void</highlight><highlight class="normal"><sp/><ref refid="group__misc_1ga669c8540331c867238b2e04230d05780" kindref="member">linphone_content_set_string_buffer</ref>(<ref refid="group__misc_1gaec435ed53168e70535e64b69a906304b" kindref="member">LinphoneContent</ref><sp/>*content,<sp/></highlight><highlight class="keyword">const</highlight><highlight class="normal"><sp/></highlight><highlight class="keywordtype">char</highlight><highlight class="normal"><sp/>*buffer);</highlight></codeline>
<codeline lineno="120"><highlight class="normal"></highlight></codeline>
<codeline lineno="126"><highlight class="normal">LINPHONE_PUBLIC<sp/></highlight><highlight class="keywordtype">size_t</highlight><highlight class="normal"><sp/><ref refid="group__misc_1gae8a4c8a64c5932b64abeef6de29cf6da" kindref="member">linphone_content_get_size</ref>(</highlight><highlight class="keyword">const</highlight><highlight class="normal"><sp/><ref refid="group__misc_1gaec435ed53168e70535e64b69a906304b" kindref="member">LinphoneContent</ref><sp/>*content);</highlight></codeline>
<codeline lineno="127"><highlight class="normal"></highlight></codeline>
<codeline lineno="133"><highlight class="normal">LINPHONE_PUBLIC<sp/></highlight><highlight class="keywordtype">void</highlight><highlight class="normal"><sp/><ref refid="group__misc_1ga6ffe22ea0b09379882e7d41c27641817" kindref="member">linphone_content_set_size</ref>(<ref refid="group__misc_1gaec435ed53168e70535e64b69a906304b" kindref="member">LinphoneContent</ref><sp/>*content,<sp/></highlight><highlight class="keywordtype">size_t</highlight><highlight class="normal"><sp/>size);</highlight></codeline>
<codeline lineno="134"><highlight class="normal"></highlight></codeline>
<codeline lineno="140"><highlight class="normal">LINPHONE_PUBLIC<sp/></highlight><highlight class="keyword">const</highlight><highlight class="normal"><sp/></highlight><highlight class="keywordtype">char</highlight><highlight class="normal"><sp/>*<sp/><ref refid="group__misc_1ga919e6b95e189777be35d1b65d30abef9" kindref="member">linphone_content_get_encoding</ref>(</highlight><highlight class="keyword">const</highlight><highlight class="normal"><sp/><ref refid="group__misc_1gaec435ed53168e70535e64b69a906304b" kindref="member">LinphoneContent</ref><sp/>*content);</highlight></codeline>
<codeline lineno="141"><highlight class="normal"></highlight></codeline>
<codeline lineno="147"><highlight class="normal">LINPHONE_PUBLIC<sp/></highlight><highlight class="keywordtype">void</highlight><highlight class="normal"><sp/><ref refid="group__misc_1gaec526b2aed52d33b78cf22273c7c7c53" kindref="member">linphone_content_set_encoding</ref>(<ref refid="group__misc_1gaec435ed53168e70535e64b69a906304b" kindref="member">LinphoneContent</ref><sp/>*content,<sp/></highlight><highlight class="keyword">const</highlight><highlight class="normal"><sp/></highlight><highlight class="keywordtype">char</highlight><highlight class="normal"><sp/>*encoding);</highlight></codeline>
<codeline lineno="148"><highlight class="normal"></highlight></codeline>
<codeline lineno="154"><highlight class="normal">LINPHONE_PUBLIC<sp/></highlight><highlight class="keyword">const</highlight><highlight class="normal"><sp/></highlight><highlight class="keywordtype">char</highlight><highlight class="normal"><sp/>*<sp/><ref refid="group__misc_1ga8b2df80a1495b2454db68b277f640712" kindref="member">linphone_content_get_name</ref>(</highlight><highlight class="keyword">const</highlight><highlight class="normal"><sp/><ref refid="group__misc_1gaec435ed53168e70535e64b69a906304b" kindref="member">LinphoneContent</ref><sp/>*content);</highlight></codeline>
<codeline lineno="155"><highlight class="normal"></highlight></codeline>
<codeline lineno="161"><highlight class="normal">LINPHONE_PUBLIC<sp/></highlight><highlight class="keywordtype">void</highlight><highlight class="normal"><sp/><ref refid="group__misc_1ga777cd7daff08a6f9d9dbfe212c6a7e63" kindref="member">linphone_content_set_name</ref>(<ref refid="group__misc_1gaec435ed53168e70535e64b69a906304b" kindref="member">LinphoneContent</ref><sp/>*content,<sp/></highlight><highlight class="keyword">const</highlight><highlight class="normal"><sp/></highlight><highlight class="keywordtype">char</highlight><highlight class="normal"><sp/>*name);</highlight></codeline>
<codeline lineno="162"><highlight class="normal"></highlight></codeline>
<codeline lineno="168"><highlight class="normal">LINPHONE_PUBLIC<sp/>bool_t<sp/><ref refid="group__misc_1gaab507b68d8913375bd809d80fa0e496b" kindref="member">linphone_content_is_multipart</ref>(</highlight><highlight class="keyword">const</highlight><highlight class="normal"><sp/><ref refid="group__misc_1gaec435ed53168e70535e64b69a906304b" kindref="member">LinphoneContent</ref><sp/>*content);</highlight></codeline>
<codeline lineno="169"><highlight class="normal"></highlight></codeline>
<codeline lineno="176"><highlight class="normal">LINPHONE_PUBLIC<sp/><ref refid="group__misc_1gaec435ed53168e70535e64b69a906304b" kindref="member">LinphoneContent</ref><sp/>*<sp/><ref refid="group__misc_1gab71e363230eaa1100f801a8972e6b747" kindref="member">linphone_content_get_part</ref>(</highlight><highlight class="keyword">const</highlight><highlight class="normal"><sp/><ref refid="group__misc_1gaec435ed53168e70535e64b69a906304b" kindref="member">LinphoneContent</ref><sp/>*content,<sp/></highlight><highlight class="keywordtype">int</highlight><highlight class="normal"><sp/>idx);</highlight></codeline>
<codeline lineno="177"><highlight class="normal"></highlight></codeline>
<codeline lineno="185"><highlight class="normal">LINPHONE_PUBLIC<sp/><ref refid="group__misc_1gaec435ed53168e70535e64b69a906304b" kindref="member">LinphoneContent</ref><sp/>*<sp/><ref refid="group__misc_1gae8589000f3869dd1433ebed93ab86a7c" kindref="member">linphone_content_find_part_by_header</ref>(</highlight><highlight class="keyword">const</highlight><highlight class="normal"><sp/><ref refid="group__misc_1gaec435ed53168e70535e64b69a906304b" kindref="member">LinphoneContent</ref><sp/>*content,<sp/></highlight><highlight class="keyword">const</highlight><highlight class="normal"><sp/></highlight><highlight class="keywordtype">char</highlight><highlight class="normal"><sp/>*header_name,<sp/></highlight><highlight class="keyword">const</highlight><highlight class="normal"><sp/></highlight><highlight class="keywordtype">char</highlight><highlight class="normal"><sp/>*header_value);</highlight></codeline>
<codeline lineno="186"><highlight class="normal"></highlight></codeline>
<codeline lineno="193"><highlight class="normal">LINPHONE_PUBLIC<sp/></highlight><highlight class="keyword">const</highlight><highlight class="normal"><sp/></highlight><highlight class="keywordtype">char</highlight><highlight class="normal"><sp/>*<sp/><ref refid="group__misc_1gacd1d62572ebe08ca85d151afd9dc5387" kindref="member">linphone_content_get_custom_header</ref>(</highlight><highlight class="keyword">const</highlight><highlight class="normal"><sp/><ref refid="group__misc_1gaec435ed53168e70535e64b69a906304b" kindref="member">LinphoneContent</ref><sp/>*content,<sp/></highlight><highlight class="keyword">const</highlight><highlight class="normal"><sp/></highlight><highlight class="keywordtype">char</highlight><highlight class="normal"><sp/>*header_name);</highlight></codeline>
<codeline lineno="194"><highlight class="normal"></highlight></codeline>
<codeline lineno="200"><highlight class="preprocessor">#ifdef<sp/>__cplusplus</highlight><highlight class="normal"></highlight></codeline>
<codeline lineno="201"><highlight class="normal">}</highlight></codeline>
<codeline lineno="202"><highlight class="normal"></highlight><highlight class="preprocessor">#endif</highlight><highlight class="normal"></highlight></codeline>
<codeline lineno="203"><highlight class="normal"></highlight></codeline>
<codeline lineno="204"><highlight class="normal"></highlight><highlight class="preprocessor">#endif<sp/></highlight><highlight class="comment">/*<sp/>LINPHONE_CONTENT_H_<sp/>*/</highlight><highlight class="preprocessor"></highlight></codeline>
    </programlisting>
    <location file="C:/Jenkins/workspace/linphone-qt-win32/submodules/linphone/include/linphone/content.h"/>
  </compounddef>
</doxygen>
