<?xml version='1.0' encoding='UTF-8' standalone='no'?>
<doxygen xmlns:xsi="http://www.w3.org/2001/XMLSchema-instance" xsi:noNamespaceSchemaLocation="compound.xsd" version="1.8.11">
  <compounddef id="dir_5ec0b5934d40a41d76af3cc4b2a75203" kind="dir">
    <compoundname>C</compoundname>
    <innerfile refid="buddy__status_8c">buddy_status.c</innerfile>
    <innerfile refid="chatroom_8c">chatroom.c</innerfile>
    <innerfile refid="filetransfer_8c">filetransfer.c</innerfile>
    <innerfile refid="helloworld_8c">helloworld.c</innerfile>
    <innerfile refid="notify_8c">notify.c</innerfile>
    <innerfile refid="realtimetext__receiver_8c">realtimetext_receiver.c</innerfile>
    <innerfile refid="realtimetext__sender_8c">realtimetext_sender.c</innerfile>
    <innerfile refid="registration_8c">registration.c</innerfile>
    <briefdescription>
    </briefdescription>
    <detaileddescription>
    </detaileddescription>
    <location file="C:/Jenkins/workspace/linphone-qt-win32/submodules/linphone/coreapi/help/examples/C/"/>
  </compounddef>
</doxygen>
