<?xml version='1.0' encoding='UTF-8' standalone='no'?>
<doxygen xmlns:xsi="http://www.w3.org/2001/XMLSchema-instance" xsi:noNamespaceSchemaLocation="compound.xsd" version="1.8.11">
  <compounddef id="dir_9662a90d8324b706d67b130a49c96271" kind="dir">
    <compoundname>include</compoundname>
    <innerdir refid="dir_1b07ab7d00cdc4ed73b6537da36bd180">linphone</innerdir>
    <briefdescription>
    </briefdescription>
    <detaileddescription>
    </detaileddescription>
    <location file="C:/Jenkins/workspace/linphone-qt-win32/submodules/linphone/include/"/>
  </compounddef>
</doxygen>
