<?xml version='1.0' encoding='UTF-8' standalone='no'?>
<doxygen xmlns:xsi="http://www.w3.org/2001/XMLSchema-instance" xsi:noNamespaceSchemaLocation="compound.xsd" version="1.8.11">
  <compounddef id="group__authentication" kind="group">
    <compoundname>authentication</compoundname>
    <title>Authentication</title>
      <sectiondef kind="typedef">
      <memberdef kind="typedef" id="group__authentication_1ga0f8289c1aab407992864a68869107f4f" prot="public" static="no">
        <type>struct _LinphoneAuthInfo</type>
        <definition>typedef struct _LinphoneAuthInfo LinphoneAuthInfo</definition>
        <argsstring></argsstring>
        <name>LinphoneAuthInfo</name>
        <briefdescription>
<para>Object holding authentication information. </para>        </briefdescription>
        <detaileddescription>
<para><simplesect kind="note"><para>The object&apos;s fields should not be accessed directly. Prefer using the accessor methods.</para></simplesect>
In most case, authentication information consists of a username and password. Sometimes, a userid is required by proxy, and realm can be useful to discriminate different SIP domains.</para><para>Once created and filled, a LinphoneAuthInfo must be added to the LinphoneCore in order to become known and used automatically when needed. Use <ref refid="group__authentication_1ga62ac5bb34f0342f7edc733c42473b7aa" kindref="member">linphone_core_add_auth_info()</ref> for that purpose.</para><para>The LinphoneCore object can take the initiative to request authentication information when needed to the application through the auth_info_requested callback of the LinphoneCoreVTable structure.</para><para>The application can respond to this information request later using <ref refid="group__authentication_1ga62ac5bb34f0342f7edc733c42473b7aa" kindref="member">linphone_core_add_auth_info()</ref>. This will unblock all pending authentication transactions and retry them with authentication headers. </para>        </detaileddescription>
        <inbodydescription>
        </inbodydescription>
        <location file="C:/Jenkins/workspace/linphone-qt-win32/submodules/linphone/include/linphone/types.h" line="65" column="1" bodyfile="C:/Jenkins/workspace/linphone-qt-win32/submodules/linphone/include/linphone/types.h" bodystart="231" bodyend="-1"/>
      </memberdef>
      </sectiondef>
      <sectiondef kind="func">
      <memberdef kind="function" id="group__authentication_1ga3ed49f2183897be832c8196dafc1d2a6" prot="public" static="no" const="no" explicit="no" inline="no" virt="non-virtual">
        <type><ref refid="group__authentication_1ga0f8289c1aab407992864a68869107f4f" kindref="member">LinphoneAuthInfo</ref> *</type>
        <definition>LinphoneAuthInfo* linphone_auth_info_new</definition>
        <argsstring>(const char *username, const char *userid, const char *passwd, const char *ha1, const char *realm, const char *domain)</argsstring>
        <name>linphone_auth_info_new</name>
        <param>
          <type>const char *</type>
          <declname>username</declname>
        </param>
        <param>
          <type>const char *</type>
          <declname>userid</declname>
        </param>
        <param>
          <type>const char *</type>
          <declname>passwd</declname>
        </param>
        <param>
          <type>const char *</type>
          <declname>ha1</declname>
        </param>
        <param>
          <type>const char *</type>
          <declname>realm</declname>
        </param>
        <param>
          <type>const char *</type>
          <declname>domain</declname>
        </param>
        <briefdescription>
<para>Creates a <ref refid="group__authentication_1ga0f8289c1aab407992864a68869107f4f" kindref="member">LinphoneAuthInfo</ref> object with supplied information. </para>        </briefdescription>
        <detaileddescription>
<para>The object can be created empty, that is with all arguments set to NULL. Username, userid, password, realm and domain can be set later using specific methods. At the end, username and passwd (or ha1) are required. <parameterlist kind="param"><parameteritem>
<parameternamelist>
<parametername>username</parametername>
</parameternamelist>
<parameterdescription>
<para>The username that needs to be authenticated </para></parameterdescription>
</parameteritem>
<parameteritem>
<parameternamelist>
<parametername>userid</parametername>
</parameternamelist>
<parameterdescription>
<para>The userid used for authenticating (use NULL if you don&apos;t know what it is) </para></parameterdescription>
</parameteritem>
<parameteritem>
<parameternamelist>
<parametername>passwd</parametername>
</parameternamelist>
<parameterdescription>
<para>The password in clear text </para></parameterdescription>
</parameteritem>
<parameteritem>
<parameternamelist>
<parametername>ha1</parametername>
</parameternamelist>
<parameterdescription>
<para>The ha1-encrypted password if password is not given in clear text. </para></parameterdescription>
</parameteritem>
<parameteritem>
<parameternamelist>
<parametername>realm</parametername>
</parameternamelist>
<parameterdescription>
<para>The authentication domain (which can be larger than the sip domain. Unfortunately many SIP servers don&apos;t use this parameter. </para></parameterdescription>
</parameteritem>
<parameteritem>
<parameternamelist>
<parametername>domain</parametername>
</parameternamelist>
<parameterdescription>
<para>The SIP domain for which this authentication information is valid, if it has to be restricted for a single SIP domain. </para></parameterdescription>
</parameteritem>
</parameterlist>
<simplesect kind="return"><para>A <ref refid="group__authentication_1ga0f8289c1aab407992864a68869107f4f" kindref="member">LinphoneAuthInfo</ref> object. linphone_auth_info_destroy() must be used to destroy it when no longer needed. The LinphoneCore makes a copy of LinphoneAuthInfo passed through <ref refid="group__authentication_1ga62ac5bb34f0342f7edc733c42473b7aa" kindref="member">linphone_core_add_auth_info()</ref>. </para></simplesect>
</para>        </detaileddescription>
        <inbodydescription>
        </inbodydescription>
        <location file="C:/Jenkins/workspace/linphone-qt-win32/submodules/linphone/include/linphone/auth_info.h" line="54" column="1"/>
      </memberdef>
      <memberdef kind="function" id="group__authentication_1gaa6105a0a6029b1579b1b35c9dd52bbe9" prot="public" static="no" const="no" explicit="no" inline="no" virt="non-virtual">
        <type><ref refid="group__authentication_1ga0f8289c1aab407992864a68869107f4f" kindref="member">LinphoneAuthInfo</ref> *</type>
        <definition>LinphoneAuthInfo* linphone_auth_info_clone</definition>
        <argsstring>(const LinphoneAuthInfo *source)</argsstring>
        <name>linphone_auth_info_clone</name>
        <param>
          <type>const <ref refid="group__authentication_1ga0f8289c1aab407992864a68869107f4f" kindref="member">LinphoneAuthInfo</ref> *</type>
          <declname>source</declname>
        </param>
        <briefdescription>
<para>Instantiates a new auth info with values from source. </para>        </briefdescription>
        <detaileddescription>
<para><parameterlist kind="param"><parameteritem>
<parameternamelist>
<parametername direction="in">source</parametername>
</parameternamelist>
<parameterdescription>
<para>The <ref refid="group__authentication_1ga0f8289c1aab407992864a68869107f4f" kindref="member">LinphoneAuthInfo</ref> object to be cloned </para></parameterdescription>
</parameteritem>
</parameterlist>
<simplesect kind="return"><para>The newly created <ref refid="group__authentication_1ga0f8289c1aab407992864a68869107f4f" kindref="member">LinphoneAuthInfo</ref> object. </para></simplesect>
</para>        </detaileddescription>
        <inbodydescription>
        </inbodydescription>
        <location file="C:/Jenkins/workspace/linphone-qt-win32/submodules/linphone/include/linphone/auth_info.h" line="62" column="1"/>
      </memberdef>
      <memberdef kind="function" id="group__authentication_1ga209075d64b24c216463c94c58b60a3d9" prot="public" static="no" const="no" explicit="no" inline="no" virt="non-virtual">
        <type><ref refid="group__authentication_1ga0f8289c1aab407992864a68869107f4f" kindref="member">LinphoneAuthInfo</ref> *</type>
        <definition>LinphoneAuthInfo* linphone_auth_info_ref</definition>
        <argsstring>(LinphoneAuthInfo *info)</argsstring>
        <name>linphone_auth_info_ref</name>
        <param>
          <type><ref refid="group__authentication_1ga0f8289c1aab407992864a68869107f4f" kindref="member">LinphoneAuthInfo</ref> *</type>
          <declname>info</declname>
        </param>
        <briefdescription>
<para>Take a reference on a <ref refid="group__authentication_1ga0f8289c1aab407992864a68869107f4f" kindref="member">LinphoneAuthInfo</ref>. </para>        </briefdescription>
        <detaileddescription>
        </detaileddescription>
        <inbodydescription>
        </inbodydescription>
        <location file="C:/Jenkins/workspace/linphone-qt-win32/submodules/linphone/include/linphone/auth_info.h" line="67" column="1"/>
      </memberdef>
      <memberdef kind="function" id="group__authentication_1gae955bbb5634baca1e1671c54d830ccd2" prot="public" static="no" const="no" explicit="no" inline="no" virt="non-virtual">
        <type>void</type>
        <definition>void linphone_auth_info_unref</definition>
        <argsstring>(LinphoneAuthInfo *info)</argsstring>
        <name>linphone_auth_info_unref</name>
        <param>
          <type><ref refid="group__authentication_1ga0f8289c1aab407992864a68869107f4f" kindref="member">LinphoneAuthInfo</ref> *</type>
          <declname>info</declname>
        </param>
        <briefdescription>
<para>Release a <ref refid="group__authentication_1ga0f8289c1aab407992864a68869107f4f" kindref="member">LinphoneAuthInfo</ref>. </para>        </briefdescription>
        <detaileddescription>
        </detaileddescription>
        <inbodydescription>
        </inbodydescription>
        <location file="C:/Jenkins/workspace/linphone-qt-win32/submodules/linphone/include/linphone/auth_info.h" line="72" column="1"/>
      </memberdef>
      <memberdef kind="function" id="group__authentication_1ga004d3d5228cb74697df157e4ae93f6c7" prot="public" static="no" const="no" explicit="no" inline="no" virt="non-virtual">
        <type>void</type>
        <definition>void linphone_auth_info_set_passwd</definition>
        <argsstring>(LinphoneAuthInfo *info, const char *passwd)</argsstring>
        <name>linphone_auth_info_set_passwd</name>
        <param>
          <type><ref refid="group__authentication_1ga0f8289c1aab407992864a68869107f4f" kindref="member">LinphoneAuthInfo</ref> *</type>
          <declname>info</declname>
        </param>
        <param>
          <type>const char *</type>
          <declname>passwd</declname>
        </param>
        <briefdescription>
<para>Sets the password. </para>        </briefdescription>
        <detaileddescription>
<para><parameterlist kind="param"><parameteritem>
<parameternamelist>
<parametername direction="in">info</parametername>
</parameternamelist>
<parameterdescription>
<para>The <ref refid="group__authentication_1ga0f8289c1aab407992864a68869107f4f" kindref="member">LinphoneAuthInfo</ref> object </para></parameterdescription>
</parameteritem>
<parameteritem>
<parameternamelist>
<parametername direction="in">passwd</parametername>
</parameternamelist>
<parameterdescription>
<para>The password. </para></parameterdescription>
</parameteritem>
</parameterlist>
</para>        </detaileddescription>
        <inbodydescription>
        </inbodydescription>
        <location file="C:/Jenkins/workspace/linphone-qt-win32/submodules/linphone/include/linphone/auth_info.h" line="79" column="1"/>
      </memberdef>
      <memberdef kind="function" id="group__authentication_1ga36c0b48f8ce1b1b3e632f00d301ea4c7" prot="public" static="no" const="no" explicit="no" inline="no" virt="non-virtual">
        <type>void</type>
        <definition>void linphone_auth_info_set_username</definition>
        <argsstring>(LinphoneAuthInfo *info, const char *username)</argsstring>
        <name>linphone_auth_info_set_username</name>
        <param>
          <type><ref refid="group__authentication_1ga0f8289c1aab407992864a68869107f4f" kindref="member">LinphoneAuthInfo</ref> *</type>
          <declname>info</declname>
        </param>
        <param>
          <type>const char *</type>
          <declname>username</declname>
        </param>
        <briefdescription>
<para>Sets the username. </para>        </briefdescription>
        <detaileddescription>
<para><parameterlist kind="param"><parameteritem>
<parameternamelist>
<parametername direction="in">info</parametername>
</parameternamelist>
<parameterdescription>
<para>The <ref refid="group__authentication_1ga0f8289c1aab407992864a68869107f4f" kindref="member">LinphoneAuthInfo</ref> object </para></parameterdescription>
</parameteritem>
<parameteritem>
<parameternamelist>
<parametername direction="in">username</parametername>
</parameternamelist>
<parameterdescription>
<para>The username. </para></parameterdescription>
</parameteritem>
</parameterlist>
</para>        </detaileddescription>
        <inbodydescription>
        </inbodydescription>
        <location file="C:/Jenkins/workspace/linphone-qt-win32/submodules/linphone/include/linphone/auth_info.h" line="86" column="1"/>
      </memberdef>
      <memberdef kind="function" id="group__authentication_1gaceda2fc2a33f5e5ea05d16bc0ecd2167" prot="public" static="no" const="no" explicit="no" inline="no" virt="non-virtual">
        <type>void</type>
        <definition>void linphone_auth_info_set_userid</definition>
        <argsstring>(LinphoneAuthInfo *info, const char *userid)</argsstring>
        <name>linphone_auth_info_set_userid</name>
        <param>
          <type><ref refid="group__authentication_1ga0f8289c1aab407992864a68869107f4f" kindref="member">LinphoneAuthInfo</ref> *</type>
          <declname>info</declname>
        </param>
        <param>
          <type>const char *</type>
          <declname>userid</declname>
        </param>
        <briefdescription>
<para>Sets the userid. </para>        </briefdescription>
        <detaileddescription>
<para><parameterlist kind="param"><parameteritem>
<parameternamelist>
<parametername direction="in">info</parametername>
</parameternamelist>
<parameterdescription>
<para>The <ref refid="group__authentication_1ga0f8289c1aab407992864a68869107f4f" kindref="member">LinphoneAuthInfo</ref> object </para></parameterdescription>
</parameteritem>
<parameteritem>
<parameternamelist>
<parametername direction="in">userid</parametername>
</parameternamelist>
<parameterdescription>
<para>The userid. </para></parameterdescription>
</parameteritem>
</parameterlist>
</para>        </detaileddescription>
        <inbodydescription>
        </inbodydescription>
        <location file="C:/Jenkins/workspace/linphone-qt-win32/submodules/linphone/include/linphone/auth_info.h" line="93" column="1"/>
      </memberdef>
      <memberdef kind="function" id="group__authentication_1ga9b59442c828894f86a106d40bab2563e" prot="public" static="no" const="no" explicit="no" inline="no" virt="non-virtual">
        <type>void</type>
        <definition>void linphone_auth_info_set_realm</definition>
        <argsstring>(LinphoneAuthInfo *info, const char *realm)</argsstring>
        <name>linphone_auth_info_set_realm</name>
        <param>
          <type><ref refid="group__authentication_1ga0f8289c1aab407992864a68869107f4f" kindref="member">LinphoneAuthInfo</ref> *</type>
          <declname>info</declname>
        </param>
        <param>
          <type>const char *</type>
          <declname>realm</declname>
        </param>
        <briefdescription>
<para>Sets the realm. </para>        </briefdescription>
        <detaileddescription>
<para><parameterlist kind="param"><parameteritem>
<parameternamelist>
<parametername direction="in">info</parametername>
</parameternamelist>
<parameterdescription>
<para>The <ref refid="group__authentication_1ga0f8289c1aab407992864a68869107f4f" kindref="member">LinphoneAuthInfo</ref> object </para></parameterdescription>
</parameteritem>
<parameteritem>
<parameternamelist>
<parametername direction="in">realm</parametername>
</parameternamelist>
<parameterdescription>
<para>The realm. </para></parameterdescription>
</parameteritem>
</parameterlist>
</para>        </detaileddescription>
        <inbodydescription>
        </inbodydescription>
        <location file="C:/Jenkins/workspace/linphone-qt-win32/submodules/linphone/include/linphone/auth_info.h" line="100" column="1"/>
      </memberdef>
      <memberdef kind="function" id="group__authentication_1ga039bc35669147f691a9453455bcc2b82" prot="public" static="no" const="no" explicit="no" inline="no" virt="non-virtual">
        <type>void</type>
        <definition>void linphone_auth_info_set_domain</definition>
        <argsstring>(LinphoneAuthInfo *info, const char *domain)</argsstring>
        <name>linphone_auth_info_set_domain</name>
        <param>
          <type><ref refid="group__authentication_1ga0f8289c1aab407992864a68869107f4f" kindref="member">LinphoneAuthInfo</ref> *</type>
          <declname>info</declname>
        </param>
        <param>
          <type>const char *</type>
          <declname>domain</declname>
        </param>
        <briefdescription>
<para>Sets the domain for which this authentication is valid. </para>        </briefdescription>
        <detaileddescription>
<para><parameterlist kind="param"><parameteritem>
<parameternamelist>
<parametername direction="in">info</parametername>
</parameternamelist>
<parameterdescription>
<para>The <ref refid="group__authentication_1ga0f8289c1aab407992864a68869107f4f" kindref="member">LinphoneAuthInfo</ref> object </para></parameterdescription>
</parameteritem>
<parameteritem>
<parameternamelist>
<parametername direction="in">domain</parametername>
</parameternamelist>
<parameterdescription>
<para>The domain. This should not be necessary because realm is supposed to be unique and sufficient. However, many SIP servers don&apos;t set realm correctly, then domain has to be used to distinguish between several SIP account bearing the same username. </para></parameterdescription>
</parameteritem>
</parameterlist>
</para>        </detaileddescription>
        <inbodydescription>
        </inbodydescription>
        <location file="C:/Jenkins/workspace/linphone-qt-win32/submodules/linphone/include/linphone/auth_info.h" line="109" column="1"/>
      </memberdef>
      <memberdef kind="function" id="group__authentication_1ga6c71e015d27bff6bfb6ef96d328eb4c8" prot="public" static="no" const="no" explicit="no" inline="no" virt="non-virtual">
        <type>void</type>
        <definition>void linphone_auth_info_set_ha1</definition>
        <argsstring>(LinphoneAuthInfo *info, const char *ha1)</argsstring>
        <name>linphone_auth_info_set_ha1</name>
        <param>
          <type><ref refid="group__authentication_1ga0f8289c1aab407992864a68869107f4f" kindref="member">LinphoneAuthInfo</ref> *</type>
          <declname>info</declname>
        </param>
        <param>
          <type>const char *</type>
          <declname>ha1</declname>
        </param>
        <briefdescription>
<para>Sets the ha1. </para>        </briefdescription>
        <detaileddescription>
<para><parameterlist kind="param"><parameteritem>
<parameternamelist>
<parametername direction="in">info</parametername>
</parameternamelist>
<parameterdescription>
<para>The <ref refid="group__authentication_1ga0f8289c1aab407992864a68869107f4f" kindref="member">LinphoneAuthInfo</ref> object </para></parameterdescription>
</parameteritem>
<parameteritem>
<parameternamelist>
<parametername direction="in">ha1</parametername>
</parameternamelist>
<parameterdescription>
<para>The ha1. </para></parameterdescription>
</parameteritem>
</parameterlist>
</para>        </detaileddescription>
        <inbodydescription>
        </inbodydescription>
        <location file="C:/Jenkins/workspace/linphone-qt-win32/submodules/linphone/include/linphone/auth_info.h" line="116" column="1"/>
      </memberdef>
      <memberdef kind="function" id="group__authentication_1ga222994d0b1fc3f819c0ac77dd19c65e6" prot="public" static="no" const="no" explicit="no" inline="no" virt="non-virtual">
        <type>void</type>
        <definition>void linphone_auth_info_set_tls_cert</definition>
        <argsstring>(LinphoneAuthInfo *info, const char *tls_cert)</argsstring>
        <name>linphone_auth_info_set_tls_cert</name>
        <param>
          <type><ref refid="group__authentication_1ga0f8289c1aab407992864a68869107f4f" kindref="member">LinphoneAuthInfo</ref> *</type>
          <declname>info</declname>
        </param>
        <param>
          <type>const char *</type>
          <declname>tls_cert</declname>
        </param>
        <briefdescription>
<para>Sets the TLS certificate. </para>        </briefdescription>
        <detaileddescription>
<para><parameterlist kind="param"><parameteritem>
<parameternamelist>
<parametername direction="in">info</parametername>
</parameternamelist>
<parameterdescription>
<para>The <ref refid="group__authentication_1ga0f8289c1aab407992864a68869107f4f" kindref="member">LinphoneAuthInfo</ref> object </para></parameterdescription>
</parameteritem>
<parameteritem>
<parameternamelist>
<parametername direction="in">tls_cert</parametername>
</parameternamelist>
<parameterdescription>
<para>The TLS certificate. </para></parameterdescription>
</parameteritem>
</parameterlist>
</para>        </detaileddescription>
        <inbodydescription>
        </inbodydescription>
        <location file="C:/Jenkins/workspace/linphone-qt-win32/submodules/linphone/include/linphone/auth_info.h" line="123" column="1"/>
      </memberdef>
      <memberdef kind="function" id="group__authentication_1ga95d2cfe12886e7e61fd31c9683f5515b" prot="public" static="no" const="no" explicit="no" inline="no" virt="non-virtual">
        <type>void</type>
        <definition>void linphone_auth_info_set_tls_key</definition>
        <argsstring>(LinphoneAuthInfo *info, const char *tls_key)</argsstring>
        <name>linphone_auth_info_set_tls_key</name>
        <param>
          <type><ref refid="group__authentication_1ga0f8289c1aab407992864a68869107f4f" kindref="member">LinphoneAuthInfo</ref> *</type>
          <declname>info</declname>
        </param>
        <param>
          <type>const char *</type>
          <declname>tls_key</declname>
        </param>
        <briefdescription>
<para>Sets the TLS key. </para>        </briefdescription>
        <detaileddescription>
<para><parameterlist kind="param"><parameteritem>
<parameternamelist>
<parametername direction="in">info</parametername>
</parameternamelist>
<parameterdescription>
<para>The <ref refid="group__authentication_1ga0f8289c1aab407992864a68869107f4f" kindref="member">LinphoneAuthInfo</ref> object </para></parameterdescription>
</parameteritem>
<parameteritem>
<parameternamelist>
<parametername direction="in">tls_key</parametername>
</parameternamelist>
<parameterdescription>
<para>The TLS key. </para></parameterdescription>
</parameteritem>
</parameterlist>
</para>        </detaileddescription>
        <inbodydescription>
        </inbodydescription>
        <location file="C:/Jenkins/workspace/linphone-qt-win32/submodules/linphone/include/linphone/auth_info.h" line="130" column="1"/>
      </memberdef>
      <memberdef kind="function" id="group__authentication_1gac18f84d8f5628fa50799e250e52d4960" prot="public" static="no" const="no" explicit="no" inline="no" virt="non-virtual">
        <type>void</type>
        <definition>void linphone_auth_info_set_tls_cert_path</definition>
        <argsstring>(LinphoneAuthInfo *info, const char *tls_cert_path)</argsstring>
        <name>linphone_auth_info_set_tls_cert_path</name>
        <param>
          <type><ref refid="group__authentication_1ga0f8289c1aab407992864a68869107f4f" kindref="member">LinphoneAuthInfo</ref> *</type>
          <declname>info</declname>
        </param>
        <param>
          <type>const char *</type>
          <declname>tls_cert_path</declname>
        </param>
        <briefdescription>
<para>Sets the TLS certificate path. </para>        </briefdescription>
        <detaileddescription>
<para><parameterlist kind="param"><parameteritem>
<parameternamelist>
<parametername direction="in">info</parametername>
</parameternamelist>
<parameterdescription>
<para>The <ref refid="group__authentication_1ga0f8289c1aab407992864a68869107f4f" kindref="member">LinphoneAuthInfo</ref> object </para></parameterdescription>
</parameteritem>
<parameteritem>
<parameternamelist>
<parametername direction="in">tls_cert_path</parametername>
</parameternamelist>
<parameterdescription>
<para>The TLS certificate path. </para></parameterdescription>
</parameteritem>
</parameterlist>
</para>        </detaileddescription>
        <inbodydescription>
        </inbodydescription>
        <location file="C:/Jenkins/workspace/linphone-qt-win32/submodules/linphone/include/linphone/auth_info.h" line="137" column="1"/>
      </memberdef>
      <memberdef kind="function" id="group__authentication_1gac297c4a4a64e1a334bceb69293ca1d64" prot="public" static="no" const="no" explicit="no" inline="no" virt="non-virtual">
        <type>void</type>
        <definition>void linphone_auth_info_set_tls_key_path</definition>
        <argsstring>(LinphoneAuthInfo *info, const char *tls_key_path)</argsstring>
        <name>linphone_auth_info_set_tls_key_path</name>
        <param>
          <type><ref refid="group__authentication_1ga0f8289c1aab407992864a68869107f4f" kindref="member">LinphoneAuthInfo</ref> *</type>
          <declname>info</declname>
        </param>
        <param>
          <type>const char *</type>
          <declname>tls_key_path</declname>
        </param>
        <briefdescription>
<para>Sets the TLS key path. </para>        </briefdescription>
        <detaileddescription>
<para><parameterlist kind="param"><parameteritem>
<parameternamelist>
<parametername direction="in">info</parametername>
</parameternamelist>
<parameterdescription>
<para>The <ref refid="group__authentication_1ga0f8289c1aab407992864a68869107f4f" kindref="member">LinphoneAuthInfo</ref> object </para></parameterdescription>
</parameteritem>
<parameteritem>
<parameternamelist>
<parametername direction="in">tls_key_path</parametername>
</parameternamelist>
<parameterdescription>
<para>The TLS key path. </para></parameterdescription>
</parameteritem>
</parameterlist>
</para>        </detaileddescription>
        <inbodydescription>
        </inbodydescription>
        <location file="C:/Jenkins/workspace/linphone-qt-win32/submodules/linphone/include/linphone/auth_info.h" line="144" column="1"/>
      </memberdef>
      <memberdef kind="function" id="group__authentication_1gadfdb3db5efa7a8a22ab43745834fa503" prot="public" static="no" const="no" explicit="no" inline="no" virt="non-virtual">
        <type>const char *</type>
        <definition>const char* linphone_auth_info_get_username</definition>
        <argsstring>(const LinphoneAuthInfo *info)</argsstring>
        <name>linphone_auth_info_get_username</name>
        <param>
          <type>const <ref refid="group__authentication_1ga0f8289c1aab407992864a68869107f4f" kindref="member">LinphoneAuthInfo</ref> *</type>
          <declname>info</declname>
        </param>
        <briefdescription>
<para>Gets the username. </para>        </briefdescription>
        <detaileddescription>
<para><parameterlist kind="param"><parameteritem>
<parameternamelist>
<parametername direction="in">info</parametername>
</parameternamelist>
<parameterdescription>
<para>The <ref refid="group__authentication_1ga0f8289c1aab407992864a68869107f4f" kindref="member">LinphoneAuthInfo</ref> object </para></parameterdescription>
</parameteritem>
</parameterlist>
<simplesect kind="return"><para>The username. </para></simplesect>
</para>        </detaileddescription>
        <inbodydescription>
        </inbodydescription>
        <location file="C:/Jenkins/workspace/linphone-qt-win32/submodules/linphone/include/linphone/auth_info.h" line="151" column="1"/>
      </memberdef>
      <memberdef kind="function" id="group__authentication_1ga353a92748b63674c43c7d82195b27a09" prot="public" static="no" const="no" explicit="no" inline="no" virt="non-virtual">
        <type>const char *</type>
        <definition>const char* linphone_auth_info_get_passwd</definition>
        <argsstring>(const LinphoneAuthInfo *info)</argsstring>
        <name>linphone_auth_info_get_passwd</name>
        <param>
          <type>const <ref refid="group__authentication_1ga0f8289c1aab407992864a68869107f4f" kindref="member">LinphoneAuthInfo</ref> *</type>
          <declname>info</declname>
        </param>
        <briefdescription>
<para>Gets the password. </para>        </briefdescription>
        <detaileddescription>
<para><parameterlist kind="param"><parameteritem>
<parameternamelist>
<parametername direction="in">info</parametername>
</parameternamelist>
<parameterdescription>
<para>The <ref refid="group__authentication_1ga0f8289c1aab407992864a68869107f4f" kindref="member">LinphoneAuthInfo</ref> object </para></parameterdescription>
</parameteritem>
</parameterlist>
<simplesect kind="return"><para>The password. </para></simplesect>
</para>        </detaileddescription>
        <inbodydescription>
        </inbodydescription>
        <location file="C:/Jenkins/workspace/linphone-qt-win32/submodules/linphone/include/linphone/auth_info.h" line="158" column="1"/>
      </memberdef>
      <memberdef kind="function" id="group__authentication_1ga2ccc0947445f60eb63dc621d9e13a444" prot="public" static="no" const="no" explicit="no" inline="no" virt="non-virtual">
        <type>const char *</type>
        <definition>const char* linphone_auth_info_get_userid</definition>
        <argsstring>(const LinphoneAuthInfo *info)</argsstring>
        <name>linphone_auth_info_get_userid</name>
        <param>
          <type>const <ref refid="group__authentication_1ga0f8289c1aab407992864a68869107f4f" kindref="member">LinphoneAuthInfo</ref> *</type>
          <declname>info</declname>
        </param>
        <briefdescription>
<para>Gets the userid. </para>        </briefdescription>
        <detaileddescription>
<para><parameterlist kind="param"><parameteritem>
<parameternamelist>
<parametername direction="in">info</parametername>
</parameternamelist>
<parameterdescription>
<para>The <ref refid="group__authentication_1ga0f8289c1aab407992864a68869107f4f" kindref="member">LinphoneAuthInfo</ref> object </para></parameterdescription>
</parameteritem>
</parameterlist>
<simplesect kind="return"><para>The userid. </para></simplesect>
</para>        </detaileddescription>
        <inbodydescription>
        </inbodydescription>
        <location file="C:/Jenkins/workspace/linphone-qt-win32/submodules/linphone/include/linphone/auth_info.h" line="165" column="1"/>
      </memberdef>
      <memberdef kind="function" id="group__authentication_1gad5b9adca20ae4251e736b10669e7b7c2" prot="public" static="no" const="no" explicit="no" inline="no" virt="non-virtual">
        <type>const char *</type>
        <definition>const char* linphone_auth_info_get_realm</definition>
        <argsstring>(const LinphoneAuthInfo *info)</argsstring>
        <name>linphone_auth_info_get_realm</name>
        <param>
          <type>const <ref refid="group__authentication_1ga0f8289c1aab407992864a68869107f4f" kindref="member">LinphoneAuthInfo</ref> *</type>
          <declname>info</declname>
        </param>
        <briefdescription>
<para>Gets the realm. </para>        </briefdescription>
        <detaileddescription>
<para><parameterlist kind="param"><parameteritem>
<parameternamelist>
<parametername direction="in">info</parametername>
</parameternamelist>
<parameterdescription>
<para>The <ref refid="group__authentication_1ga0f8289c1aab407992864a68869107f4f" kindref="member">LinphoneAuthInfo</ref> object </para></parameterdescription>
</parameteritem>
</parameterlist>
<simplesect kind="return"><para>The realm. </para></simplesect>
</para>        </detaileddescription>
        <inbodydescription>
        </inbodydescription>
        <location file="C:/Jenkins/workspace/linphone-qt-win32/submodules/linphone/include/linphone/auth_info.h" line="172" column="1"/>
      </memberdef>
      <memberdef kind="function" id="group__authentication_1ga9bcfc3334b721912b40270d169b2b41e" prot="public" static="no" const="no" explicit="no" inline="no" virt="non-virtual">
        <type>const char *</type>
        <definition>const char* linphone_auth_info_get_domain</definition>
        <argsstring>(const LinphoneAuthInfo *info)</argsstring>
        <name>linphone_auth_info_get_domain</name>
        <param>
          <type>const <ref refid="group__authentication_1ga0f8289c1aab407992864a68869107f4f" kindref="member">LinphoneAuthInfo</ref> *</type>
          <declname>info</declname>
        </param>
        <briefdescription>
<para>Gets the domain. </para>        </briefdescription>
        <detaileddescription>
<para><parameterlist kind="param"><parameteritem>
<parameternamelist>
<parametername direction="in">info</parametername>
</parameternamelist>
<parameterdescription>
<para>The <ref refid="group__authentication_1ga0f8289c1aab407992864a68869107f4f" kindref="member">LinphoneAuthInfo</ref> object </para></parameterdescription>
</parameteritem>
</parameterlist>
<simplesect kind="return"><para>The domain. </para></simplesect>
</para>        </detaileddescription>
        <inbodydescription>
        </inbodydescription>
        <location file="C:/Jenkins/workspace/linphone-qt-win32/submodules/linphone/include/linphone/auth_info.h" line="179" column="1"/>
      </memberdef>
      <memberdef kind="function" id="group__authentication_1ga19865806c8252c75bf67d9bf2499e4f6" prot="public" static="no" const="no" explicit="no" inline="no" virt="non-virtual">
        <type>const char *</type>
        <definition>const char* linphone_auth_info_get_ha1</definition>
        <argsstring>(const LinphoneAuthInfo *info)</argsstring>
        <name>linphone_auth_info_get_ha1</name>
        <param>
          <type>const <ref refid="group__authentication_1ga0f8289c1aab407992864a68869107f4f" kindref="member">LinphoneAuthInfo</ref> *</type>
          <declname>info</declname>
        </param>
        <briefdescription>
<para>Gets the ha1. </para>        </briefdescription>
        <detaileddescription>
<para><parameterlist kind="param"><parameteritem>
<parameternamelist>
<parametername direction="in">info</parametername>
</parameternamelist>
<parameterdescription>
<para>The <ref refid="group__authentication_1ga0f8289c1aab407992864a68869107f4f" kindref="member">LinphoneAuthInfo</ref> object </para></parameterdescription>
</parameteritem>
</parameterlist>
<simplesect kind="return"><para>The ha1. </para></simplesect>
</para>        </detaileddescription>
        <inbodydescription>
        </inbodydescription>
        <location file="C:/Jenkins/workspace/linphone-qt-win32/submodules/linphone/include/linphone/auth_info.h" line="186" column="1"/>
      </memberdef>
      <memberdef kind="function" id="group__authentication_1gaeab202083c2146df7c6d4181f3a5e0c4" prot="public" static="no" const="no" explicit="no" inline="no" virt="non-virtual">
        <type>const char *</type>
        <definition>const char* linphone_auth_info_get_tls_cert</definition>
        <argsstring>(const LinphoneAuthInfo *info)</argsstring>
        <name>linphone_auth_info_get_tls_cert</name>
        <param>
          <type>const <ref refid="group__authentication_1ga0f8289c1aab407992864a68869107f4f" kindref="member">LinphoneAuthInfo</ref> *</type>
          <declname>info</declname>
        </param>
        <briefdescription>
<para>Gets the TLS certificate. </para>        </briefdescription>
        <detaileddescription>
<para><parameterlist kind="param"><parameteritem>
<parameternamelist>
<parametername direction="in">info</parametername>
</parameternamelist>
<parameterdescription>
<para>The <ref refid="group__authentication_1ga0f8289c1aab407992864a68869107f4f" kindref="member">LinphoneAuthInfo</ref> object </para></parameterdescription>
</parameteritem>
</parameterlist>
<simplesect kind="return"><para>The TLS certificate. </para></simplesect>
</para>        </detaileddescription>
        <inbodydescription>
        </inbodydescription>
        <location file="C:/Jenkins/workspace/linphone-qt-win32/submodules/linphone/include/linphone/auth_info.h" line="193" column="1"/>
      </memberdef>
      <memberdef kind="function" id="group__authentication_1gacedae8d22d6b5fc3eccf0468dcc418a6" prot="public" static="no" const="no" explicit="no" inline="no" virt="non-virtual">
        <type>const char *</type>
        <definition>const char* linphone_auth_info_get_tls_key</definition>
        <argsstring>(const LinphoneAuthInfo *info)</argsstring>
        <name>linphone_auth_info_get_tls_key</name>
        <param>
          <type>const <ref refid="group__authentication_1ga0f8289c1aab407992864a68869107f4f" kindref="member">LinphoneAuthInfo</ref> *</type>
          <declname>info</declname>
        </param>
        <briefdescription>
<para>Gets the TLS key. </para>        </briefdescription>
        <detaileddescription>
<para><parameterlist kind="param"><parameteritem>
<parameternamelist>
<parametername direction="in">info</parametername>
</parameternamelist>
<parameterdescription>
<para>The <ref refid="group__authentication_1ga0f8289c1aab407992864a68869107f4f" kindref="member">LinphoneAuthInfo</ref> object </para></parameterdescription>
</parameteritem>
</parameterlist>
<simplesect kind="return"><para>The TLS key. </para></simplesect>
</para>        </detaileddescription>
        <inbodydescription>
        </inbodydescription>
        <location file="C:/Jenkins/workspace/linphone-qt-win32/submodules/linphone/include/linphone/auth_info.h" line="200" column="1"/>
      </memberdef>
      <memberdef kind="function" id="group__authentication_1ga64d5486ce9b03ccedae71e00d6eb2d5d" prot="public" static="no" const="no" explicit="no" inline="no" virt="non-virtual">
        <type>const char *</type>
        <definition>const char* linphone_auth_info_get_tls_cert_path</definition>
        <argsstring>(const LinphoneAuthInfo *info)</argsstring>
        <name>linphone_auth_info_get_tls_cert_path</name>
        <param>
          <type>const <ref refid="group__authentication_1ga0f8289c1aab407992864a68869107f4f" kindref="member">LinphoneAuthInfo</ref> *</type>
          <declname>info</declname>
        </param>
        <briefdescription>
<para>Gets the TLS certificate path. </para>        </briefdescription>
        <detaileddescription>
<para><parameterlist kind="param"><parameteritem>
<parameternamelist>
<parametername direction="in">info</parametername>
</parameternamelist>
<parameterdescription>
<para>The <ref refid="group__authentication_1ga0f8289c1aab407992864a68869107f4f" kindref="member">LinphoneAuthInfo</ref> object </para></parameterdescription>
</parameteritem>
</parameterlist>
<simplesect kind="return"><para>The TLS certificate path. </para></simplesect>
</para>        </detaileddescription>
        <inbodydescription>
        </inbodydescription>
        <location file="C:/Jenkins/workspace/linphone-qt-win32/submodules/linphone/include/linphone/auth_info.h" line="207" column="1"/>
      </memberdef>
      <memberdef kind="function" id="group__authentication_1ga3b1e7c28a7e13d67bd4bc81d7e966f8e" prot="public" static="no" const="no" explicit="no" inline="no" virt="non-virtual">
        <type>const char *</type>
        <definition>const char* linphone_auth_info_get_tls_key_path</definition>
        <argsstring>(const LinphoneAuthInfo *info)</argsstring>
        <name>linphone_auth_info_get_tls_key_path</name>
        <param>
          <type>const <ref refid="group__authentication_1ga0f8289c1aab407992864a68869107f4f" kindref="member">LinphoneAuthInfo</ref> *</type>
          <declname>info</declname>
        </param>
        <briefdescription>
<para>Gets the TLS key path. </para>        </briefdescription>
        <detaileddescription>
<para><parameterlist kind="param"><parameteritem>
<parameternamelist>
<parametername direction="in">info</parametername>
</parameternamelist>
<parameterdescription>
<para>The <ref refid="group__authentication_1ga0f8289c1aab407992864a68869107f4f" kindref="member">LinphoneAuthInfo</ref> object </para></parameterdescription>
</parameteritem>
</parameterlist>
<simplesect kind="return"><para>The TLS key path. </para></simplesect>
</para>        </detaileddescription>
        <inbodydescription>
        </inbodydescription>
        <location file="C:/Jenkins/workspace/linphone-qt-win32/submodules/linphone/include/linphone/auth_info.h" line="214" column="1"/>
      </memberdef>
      <memberdef kind="function" id="group__authentication_1gafe7f00ce564d29a20530f53ad8236565" prot="public" static="no" const="no" explicit="no" inline="no" virt="non-virtual">
        <type>LINPHONE_DEPRECATED void</type>
        <definition>LINPHONE_DEPRECATED void linphone_auth_info_destroy</definition>
        <argsstring>(LinphoneAuthInfo *info)</argsstring>
        <name>linphone_auth_info_destroy</name>
        <param>
          <type><ref refid="group__authentication_1ga0f8289c1aab407992864a68869107f4f" kindref="member">LinphoneAuthInfo</ref> *</type>
          <declname>info</declname>
        </param>
        <briefdescription>
        </briefdescription>
        <detaileddescription>
        </detaileddescription>
        <inbodydescription>
        </inbodydescription>
        <location file="C:/Jenkins/workspace/linphone-qt-win32/submodules/linphone/include/linphone/auth_info.h" line="217" column="1"/>
      </memberdef>
      <memberdef kind="function" id="group__authentication_1ga740c0685c1483b5ea80574063f2f04ab" prot="public" static="no" const="no" explicit="no" inline="no" virt="non-virtual">
        <type><ref refid="group__authentication_1ga0f8289c1aab407992864a68869107f4f" kindref="member">LinphoneAuthInfo</ref> *</type>
        <definition>LinphoneAuthInfo* linphone_core_create_auth_info</definition>
        <argsstring>(LinphoneCore *lc, const char *username, const char *userid, const char *passwd, const char *ha1, const char *realm, const char *domain)</argsstring>
        <name>linphone_core_create_auth_info</name>
        <param>
          <type><ref refid="group__initializing_1gaa5cf635b82dd338e7ee2dd3599d05f0a" kindref="member">LinphoneCore</ref> *</type>
          <declname>lc</declname>
        </param>
        <param>
          <type>const char *</type>
          <declname>username</declname>
        </param>
        <param>
          <type>const char *</type>
          <declname>userid</declname>
        </param>
        <param>
          <type>const char *</type>
          <declname>passwd</declname>
        </param>
        <param>
          <type>const char *</type>
          <declname>ha1</declname>
        </param>
        <param>
          <type>const char *</type>
          <declname>realm</declname>
        </param>
        <param>
          <type>const char *</type>
          <declname>domain</declname>
        </param>
        <briefdescription>
<para>Create an authentication information with default values from Linphone core. </para>        </briefdescription>
        <detaileddescription>
<para><parameterlist kind="param"><parameteritem>
<parameternamelist>
<parametername direction="in">lc</parametername>
</parameternamelist>
<parameterdescription>
<para><ref refid="group__initializing_1gaa5cf635b82dd338e7ee2dd3599d05f0a" kindref="member">LinphoneCore</ref> object </para></parameterdescription>
</parameteritem>
<parameteritem>
<parameternamelist>
<parametername direction="in">username</parametername>
</parameternamelist>
<parameterdescription>
<para>String containing the username part of the authentication credentials </para></parameterdescription>
</parameteritem>
<parameteritem>
<parameternamelist>
<parametername direction="in">userid</parametername>
</parameternamelist>
<parameterdescription>
<para>String containing the username to use to calculate the authentication digest (optional) </para></parameterdescription>
</parameteritem>
<parameteritem>
<parameternamelist>
<parametername direction="in">passwd</parametername>
</parameternamelist>
<parameterdescription>
<para>String containing the password of the authentication credentials (optional, either passwd or ha1 must be set) </para></parameterdescription>
</parameteritem>
<parameteritem>
<parameternamelist>
<parametername direction="in">ha1</parametername>
</parameternamelist>
<parameterdescription>
<para>String containing a ha1 hash of the password (optional, either passwd or ha1 must be set) </para></parameterdescription>
</parameteritem>
<parameteritem>
<parameternamelist>
<parametername direction="in">realm</parametername>
</parameternamelist>
<parameterdescription>
<para>String used to discriminate different SIP authentication domains (optional) </para></parameterdescription>
</parameteritem>
<parameteritem>
<parameternamelist>
<parametername direction="in">domain</parametername>
</parameternamelist>
<parameterdescription>
<para>String containing the SIP domain for which this authentication information is valid, if it has to be restricted for a single SIP domain. </para></parameterdescription>
</parameteritem>
</parameterlist>
<simplesect kind="return"><para><ref refid="group__authentication_1ga0f8289c1aab407992864a68869107f4f" kindref="member">LinphoneAuthInfo</ref> with default values set </para></simplesect>
</para>        </detaileddescription>
        <inbodydescription>
        </inbodydescription>
        <location file="C:/Jenkins/workspace/linphone-qt-win32/submodules/linphone/include/linphone/core.h" line="2005" column="1"/>
      </memberdef>
      <memberdef kind="function" id="group__authentication_1ga62ac5bb34f0342f7edc733c42473b7aa" prot="public" static="no" const="no" explicit="no" inline="no" virt="non-virtual">
        <type>void</type>
        <definition>void linphone_core_add_auth_info</definition>
        <argsstring>(LinphoneCore *lc, const LinphoneAuthInfo *info)</argsstring>
        <name>linphone_core_add_auth_info</name>
        <param>
          <type><ref refid="group__initializing_1gaa5cf635b82dd338e7ee2dd3599d05f0a" kindref="member">LinphoneCore</ref> *</type>
          <declname>lc</declname>
        </param>
        <param>
          <type>const <ref refid="group__authentication_1ga0f8289c1aab407992864a68869107f4f" kindref="member">LinphoneAuthInfo</ref> *</type>
          <declname>info</declname>
        </param>
        <briefdescription>
<para>Adds authentication information to the <ref refid="group__initializing_1gaa5cf635b82dd338e7ee2dd3599d05f0a" kindref="member">LinphoneCore</ref>. </para>        </briefdescription>
        <detaileddescription>
<para>That piece of information will be used during all SIP transactions that require authentication. <parameterlist kind="param"><parameteritem>
<parameternamelist>
<parametername direction="in">lc</parametername>
</parameternamelist>
<parameterdescription>
<para>The <ref refid="group__initializing_1gaa5cf635b82dd338e7ee2dd3599d05f0a" kindref="member">LinphoneCore</ref>. </para></parameterdescription>
</parameteritem>
<parameteritem>
<parameternamelist>
<parametername direction="in">info</parametername>
</parameternamelist>
<parameterdescription>
<para>The <ref refid="group__authentication_1ga0f8289c1aab407992864a68869107f4f" kindref="member">LinphoneAuthInfo</ref> to add. </para></parameterdescription>
</parameteritem>
</parameterlist>
</para>        </detaileddescription>
        <inbodydescription>
        </inbodydescription>
        <location file="C:/Jenkins/workspace/linphone-qt-win32/submodules/linphone/include/linphone/core.h" line="2014" column="1"/>
      </memberdef>
      <memberdef kind="function" id="group__authentication_1gafb8037a3bbee6f04458c354d8c1ca83e" prot="public" static="no" const="no" explicit="no" inline="no" virt="non-virtual">
        <type>void</type>
        <definition>void linphone_core_remove_auth_info</definition>
        <argsstring>(LinphoneCore *lc, const LinphoneAuthInfo *info)</argsstring>
        <name>linphone_core_remove_auth_info</name>
        <param>
          <type><ref refid="group__initializing_1gaa5cf635b82dd338e7ee2dd3599d05f0a" kindref="member">LinphoneCore</ref> *</type>
          <declname>lc</declname>
        </param>
        <param>
          <type>const <ref refid="group__authentication_1ga0f8289c1aab407992864a68869107f4f" kindref="member">LinphoneAuthInfo</ref> *</type>
          <declname>info</declname>
        </param>
        <briefdescription>
<para>Removes an authentication information object. </para>        </briefdescription>
        <detaileddescription>
<para><parameterlist kind="param"><parameteritem>
<parameternamelist>
<parametername direction="in">lc</parametername>
</parameternamelist>
<parameterdescription>
<para>The <ref refid="group__initializing_1gaa5cf635b82dd338e7ee2dd3599d05f0a" kindref="member">LinphoneCore</ref> from which the <ref refid="group__authentication_1ga0f8289c1aab407992864a68869107f4f" kindref="member">LinphoneAuthInfo</ref> will be removed. </para></parameterdescription>
</parameteritem>
<parameteritem>
<parameternamelist>
<parametername direction="in">info</parametername>
</parameternamelist>
<parameterdescription>
<para>The <ref refid="group__authentication_1ga0f8289c1aab407992864a68869107f4f" kindref="member">LinphoneAuthInfo</ref> to remove. </para></parameterdescription>
</parameteritem>
</parameterlist>
</para>        </detaileddescription>
        <inbodydescription>
        </inbodydescription>
        <location file="C:/Jenkins/workspace/linphone-qt-win32/submodules/linphone/include/linphone/core.h" line="2022" column="1"/>
      </memberdef>
      <memberdef kind="function" id="group__authentication_1ga0f24666f56b1d7292c03bd89ffafbd63" prot="public" static="no" const="no" explicit="no" inline="no" virt="non-virtual">
        <type>const bctbx_list_t *</type>
        <definition>const bctbx_list_t* linphone_core_get_auth_info_list</definition>
        <argsstring>(const LinphoneCore *lc)</argsstring>
        <name>linphone_core_get_auth_info_list</name>
        <param>
          <type>const <ref refid="group__initializing_1gaa5cf635b82dd338e7ee2dd3599d05f0a" kindref="member">LinphoneCore</ref> *</type>
          <declname>lc</declname>
        </param>
        <briefdescription>
<para>Returns an unmodifiable list of currently entered <ref refid="group__authentication_1ga0f8289c1aab407992864a68869107f4f" kindref="member">LinphoneAuthInfo</ref>. </para>        </briefdescription>
        <detaileddescription>
<para><parameterlist kind="param"><parameteritem>
<parameternamelist>
<parametername direction="in">lc</parametername>
</parameternamelist>
<parameterdescription>
<para>The LinphoneCore object. </para></parameterdescription>
</parameteritem>
</parameterlist>
<simplesect kind="return"><para>A list of <ref refid="group__authentication_1ga0f8289c1aab407992864a68869107f4f" kindref="member">LinphoneAuthInfo</ref> objects. <bctbxlist>LinphoneAuthInfo</bctbxlist>  </para></simplesect>
</para>        </detaileddescription>
        <inbodydescription>
        </inbodydescription>
        <location file="C:/Jenkins/workspace/linphone-qt-win32/submodules/linphone/include/linphone/core.h" line="2030" column="1"/>
      </memberdef>
      <memberdef kind="function" id="group__authentication_1ga9dbf387191876a0bbf4d309df824c040" prot="public" static="no" const="no" explicit="no" inline="no" virt="non-virtual">
        <type>const <ref refid="group__authentication_1ga0f8289c1aab407992864a68869107f4f" kindref="member">LinphoneAuthInfo</ref> *</type>
        <definition>const LinphoneAuthInfo* linphone_core_find_auth_info</definition>
        <argsstring>(LinphoneCore *lc, const char *realm, const char *username, const char *sip_domain)</argsstring>
        <name>linphone_core_find_auth_info</name>
        <param>
          <type><ref refid="group__initializing_1gaa5cf635b82dd338e7ee2dd3599d05f0a" kindref="member">LinphoneCore</ref> *</type>
          <declname>lc</declname>
        </param>
        <param>
          <type>const char *</type>
          <declname>realm</declname>
        </param>
        <param>
          <type>const char *</type>
          <declname>username</declname>
        </param>
        <param>
          <type>const char *</type>
          <declname>sip_domain</declname>
        </param>
        <briefdescription>
<para>Find authentication info matching realm, username, domain criteria. </para>        </briefdescription>
        <detaileddescription>
<para>First of all, (realm,username) pair are searched. If multiple results (which should not happen because realm are supposed to be unique), then domain is added to the search. <parameterlist kind="param"><parameteritem>
<parameternamelist>
<parametername>lc</parametername>
</parameternamelist>
<parameterdescription>
<para>the LinphoneCore </para></parameterdescription>
</parameteritem>
<parameteritem>
<parameternamelist>
<parametername>realm</parametername>
</parameternamelist>
<parameterdescription>
<para>the authentication &apos;realm&apos; (optional) </para></parameterdescription>
</parameteritem>
<parameteritem>
<parameternamelist>
<parametername>username</parametername>
</parameternamelist>
<parameterdescription>
<para>the SIP username to be authenticated (mandatory) </para></parameterdescription>
</parameteritem>
<parameteritem>
<parameternamelist>
<parametername>sip_domain</parametername>
</parameternamelist>
<parameterdescription>
<para>the SIP domain name (optional) </para></parameterdescription>
</parameteritem>
</parameterlist>
<simplesect kind="return"><para>a <ref refid="group__authentication_1ga0f8289c1aab407992864a68869107f4f" kindref="member">LinphoneAuthInfo</ref> </para></simplesect>
</para>        </detaileddescription>
        <inbodydescription>
        </inbodydescription>
        <location file="C:/Jenkins/workspace/linphone-qt-win32/submodules/linphone/include/linphone/core.h" line="2042" column="1"/>
      </memberdef>
      <memberdef kind="function" id="group__authentication_1ga62979ce470f66cf8545e1e999875e903" prot="public" static="no" const="no" explicit="no" inline="no" virt="non-virtual">
        <type>void</type>
        <definition>void linphone_core_clear_all_auth_info</definition>
        <argsstring>(LinphoneCore *lc)</argsstring>
        <name>linphone_core_clear_all_auth_info</name>
        <param>
          <type><ref refid="group__initializing_1gaa5cf635b82dd338e7ee2dd3599d05f0a" kindref="member">LinphoneCore</ref> *</type>
          <declname>lc</declname>
        </param>
        <briefdescription>
<para>Clear all authentication information. </para>        </briefdescription>
        <detaileddescription>
        </detaileddescription>
        <inbodydescription>
        </inbodydescription>
        <location file="C:/Jenkins/workspace/linphone-qt-win32/submodules/linphone/include/linphone/core.h" line="2055" column="1"/>
      </memberdef>
      </sectiondef>
      <sectiondef kind="define">
      <memberdef kind="define" id="group__authentication_1gaaab1cdaf2cce67ad5efd0e5fe4a0cae4" prot="public" static="no">
        <name>LINPHONE_AUTH_INFO</name>
        <param><defname>obj</defname></param>
        <initializer>BELLE_SIP_CAST(obj, <ref refid="group__authentication_1ga0f8289c1aab407992864a68869107f4f" kindref="member">LinphoneAuthInfo</ref>)</initializer>
        <briefdescription>
<para>Safely cast a belle_sip_object_t into LinphoneAuthInfo. </para>        </briefdescription>
        <detaileddescription>
        </detaileddescription>
        <inbodydescription>
        </inbodydescription>
        <location file="C:/Jenkins/workspace/linphone-qt-win32/submodules/linphone/include/linphone/auth_info.h" line="34" column="9" bodyfile="C:/Jenkins/workspace/linphone-qt-win32/submodules/linphone/include/linphone/auth_info.h" bodystart="34" bodyend="-1"/>
      </memberdef>
      </sectiondef>
    <briefdescription>
<para>Managing authentication: userid and passwords. </para>    </briefdescription>
    <detaileddescription>
    </detaileddescription>
  </compounddef>
</doxygen>
