<?xml version='1.0' encoding='UTF-8' standalone='no'?>
<doxygen xmlns:xsi="http://www.w3.org/2001/XMLSchema-instance" xsi:noNamespaceSchemaLocation="compound.xsd" version="1.8.11">
  <compounddef id="im__encryption__engine_8h" kind="file" language="C++">
    <compoundname>im_encryption_engine.h</compoundname>
    <includes refid="types_8h" local="yes">linphone/types.h</includes>
    <includedby refid="core_8h" local="yes">core.h</includedby>
      <sectiondef kind="func">
      <memberdef kind="function" id="group__misc_1gad40c0f267fedf0ebd4d04f192d667c85" prot="public" static="no" const="no" explicit="no" inline="no" virt="non-virtual">
        <type><ref refid="group__misc_1ga93e3cacddafef0c1b05e48b9802e2c73" kindref="member">LinphoneImEncryptionEngineCbs</ref> *</type>
        <definition>LinphoneImEncryptionEngineCbs* linphone_im_encryption_engine_cbs_ref</definition>
        <argsstring>(LinphoneImEncryptionEngineCbs *cbs)</argsstring>
        <name>linphone_im_encryption_engine_cbs_ref</name>
        <param>
          <type><ref refid="group__misc_1ga93e3cacddafef0c1b05e48b9802e2c73" kindref="member">LinphoneImEncryptionEngineCbs</ref> *</type>
          <declname>cbs</declname>
        </param>
        <briefdescription>
<para>Acquire a reference to the LinphoneImEncryptionEngineCbs. </para>        </briefdescription>
        <detaileddescription>
<para><parameterlist kind="param"><parameteritem>
<parameternamelist>
<parametername direction="in">cbs</parametername>
</parameternamelist>
<parameterdescription>
<para>LinphoneImEncryptionEngineCbs object. </para></parameterdescription>
</parameteritem>
</parameterlist>
<simplesect kind="return"><para>The same LinphoneImEncryptionEngineCbs object. </para></simplesect>
</para>        </detaileddescription>
        <inbodydescription>
        </inbodydescription>
        <location file="C:/Jenkins/workspace/linphone-qt-win32/submodules/linphone/include/linphone/im_encryption_engine.h" line="39" column="1"/>
      </memberdef>
      <memberdef kind="function" id="group__misc_1ga0f6af75eb9d99e038f53166e7e2a9be6" prot="public" static="no" const="no" explicit="no" inline="no" virt="non-virtual">
        <type>void</type>
        <definition>void linphone_im_encryption_engine_cbs_unref</definition>
        <argsstring>(LinphoneImEncryptionEngineCbs *cbs)</argsstring>
        <name>linphone_im_encryption_engine_cbs_unref</name>
        <param>
          <type><ref refid="group__misc_1ga93e3cacddafef0c1b05e48b9802e2c73" kindref="member">LinphoneImEncryptionEngineCbs</ref> *</type>
          <declname>cbs</declname>
        </param>
        <briefdescription>
<para>Release reference to the LinphoneImEncryptionEngineCbs. </para>        </briefdescription>
        <detaileddescription>
<para><parameterlist kind="param"><parameteritem>
<parameternamelist>
<parametername direction="in">cbs</parametername>
</parameternamelist>
<parameterdescription>
<para>LinphoneImEncryptionEngineCbs object. </para></parameterdescription>
</parameteritem>
</parameterlist>
</para>        </detaileddescription>
        <inbodydescription>
        </inbodydescription>
        <location file="C:/Jenkins/workspace/linphone-qt-win32/submodules/linphone/include/linphone/im_encryption_engine.h" line="45" column="1"/>
      </memberdef>
      <memberdef kind="function" id="group__misc_1ga5f8de7a9e42f1d95fd429970b571348c" prot="public" static="no" const="no" explicit="no" inline="no" virt="non-virtual">
        <type>void *</type>
        <definition>void* linphone_im_encryption_engine_cbs_get_user_data</definition>
        <argsstring>(const LinphoneImEncryptionEngineCbs *cbs)</argsstring>
        <name>linphone_im_encryption_engine_cbs_get_user_data</name>
        <param>
          <type>const <ref refid="group__misc_1ga93e3cacddafef0c1b05e48b9802e2c73" kindref="member">LinphoneImEncryptionEngineCbs</ref> *</type>
          <declname>cbs</declname>
        </param>
        <briefdescription>
<para>Gets the user data in the LinphoneImEncryptionEngineCbs object. </para>        </briefdescription>
        <detaileddescription>
<para><parameterlist kind="param"><parameteritem>
<parameternamelist>
<parametername direction="in">cbs</parametername>
</parameternamelist>
<parameterdescription>
<para>the LinphoneImEncryptionEngineCbs </para></parameterdescription>
</parameteritem>
</parameterlist>
<simplesect kind="return"><para>the user data </para></simplesect>
</para>        </detaileddescription>
        <inbodydescription>
        </inbodydescription>
        <location file="C:/Jenkins/workspace/linphone-qt-win32/submodules/linphone/include/linphone/im_encryption_engine.h" line="52" column="1"/>
      </memberdef>
      <memberdef kind="function" id="group__misc_1ga294302a628f061102154793cca203fc5" prot="public" static="no" const="no" explicit="no" inline="no" virt="non-virtual">
        <type>void</type>
        <definition>void linphone_im_encryption_engine_cbs_set_user_data</definition>
        <argsstring>(LinphoneImEncryptionEngineCbs *cbs, void *data)</argsstring>
        <name>linphone_im_encryption_engine_cbs_set_user_data</name>
        <param>
          <type><ref refid="group__misc_1ga93e3cacddafef0c1b05e48b9802e2c73" kindref="member">LinphoneImEncryptionEngineCbs</ref> *</type>
          <declname>cbs</declname>
        </param>
        <param>
          <type>void *</type>
          <declname>data</declname>
        </param>
        <briefdescription>
<para>Sets the user data in the LinphoneImEncryptionEngineCbs object. </para>        </briefdescription>
        <detaileddescription>
<para><parameterlist kind="param"><parameteritem>
<parameternamelist>
<parametername direction="in">cbs</parametername>
</parameternamelist>
<parameterdescription>
<para>the LinphoneImEncryptionEngineCbs object </para></parameterdescription>
</parameteritem>
<parameteritem>
<parameternamelist>
<parametername direction="in">data</parametername>
</parameternamelist>
<parameterdescription>
<para>the user data </para></parameterdescription>
</parameteritem>
</parameterlist>
</para>        </detaileddescription>
        <inbodydescription>
        </inbodydescription>
        <location file="C:/Jenkins/workspace/linphone-qt-win32/submodules/linphone/include/linphone/im_encryption_engine.h" line="59" column="1"/>
      </memberdef>
      <memberdef kind="function" id="group__misc_1ga59fe0b6de70400a90ac0842638a953f6" prot="public" static="no" const="no" explicit="no" inline="no" virt="non-virtual">
        <type><ref refid="group__misc_1ga842e231d1af69ef533afbe1a78e5699b" kindref="member">LinphoneImEncryptionEngine</ref> *</type>
        <definition>LinphoneImEncryptionEngine* linphone_im_encryption_engine_ref</definition>
        <argsstring>(LinphoneImEncryptionEngine *imee)</argsstring>
        <name>linphone_im_encryption_engine_ref</name>
        <param>
          <type><ref refid="group__misc_1ga842e231d1af69ef533afbe1a78e5699b" kindref="member">LinphoneImEncryptionEngine</ref> *</type>
          <declname>imee</declname>
        </param>
        <briefdescription>
<para>Acquire a reference to the LinphoneImEncryptionEngine. </para>        </briefdescription>
        <detaileddescription>
<para><parameterlist kind="param"><parameteritem>
<parameternamelist>
<parametername direction="in">imee</parametername>
</parameternamelist>
<parameterdescription>
<para>LinphoneImEncryptionEngine object. </para></parameterdescription>
</parameteritem>
</parameterlist>
<simplesect kind="return"><para>The same LinphoneImEncryptionEngine object. </para></simplesect>
</para>        </detaileddescription>
        <inbodydescription>
        </inbodydescription>
        <location file="C:/Jenkins/workspace/linphone-qt-win32/submodules/linphone/include/linphone/im_encryption_engine.h" line="66" column="1"/>
      </memberdef>
      <memberdef kind="function" id="group__misc_1ga92ad6052638dfb58dcafe9eb8d59c263" prot="public" static="no" const="no" explicit="no" inline="no" virt="non-virtual">
        <type>void</type>
        <definition>void linphone_im_encryption_engine_unref</definition>
        <argsstring>(LinphoneImEncryptionEngine *imee)</argsstring>
        <name>linphone_im_encryption_engine_unref</name>
        <param>
          <type><ref refid="group__misc_1ga842e231d1af69ef533afbe1a78e5699b" kindref="member">LinphoneImEncryptionEngine</ref> *</type>
          <declname>imee</declname>
        </param>
        <briefdescription>
<para>Release reference to the LinphoneImEncryptionEngine. </para>        </briefdescription>
        <detaileddescription>
<para><parameterlist kind="param"><parameteritem>
<parameternamelist>
<parametername direction="in">imee</parametername>
</parameternamelist>
<parameterdescription>
<para>LinphoneImEncryptionEngine object. </para></parameterdescription>
</parameteritem>
</parameterlist>
</para>        </detaileddescription>
        <inbodydescription>
        </inbodydescription>
        <location file="C:/Jenkins/workspace/linphone-qt-win32/submodules/linphone/include/linphone/im_encryption_engine.h" line="72" column="1"/>
      </memberdef>
      <memberdef kind="function" id="group__misc_1ga72d63dce8e2b26aafeabf844652b9584" prot="public" static="no" const="no" explicit="no" inline="no" virt="non-virtual">
        <type>void *</type>
        <definition>void* linphone_im_encryption_engine_get_user_data</definition>
        <argsstring>(const LinphoneImEncryptionEngine *imee)</argsstring>
        <name>linphone_im_encryption_engine_get_user_data</name>
        <param>
          <type>const <ref refid="group__misc_1ga842e231d1af69ef533afbe1a78e5699b" kindref="member">LinphoneImEncryptionEngine</ref> *</type>
          <declname>imee</declname>
        </param>
        <briefdescription>
<para>Gets the user data in the LinphoneImEncryptionEngine object. </para>        </briefdescription>
        <detaileddescription>
<para><parameterlist kind="param"><parameteritem>
<parameternamelist>
<parametername direction="in">imee</parametername>
</parameternamelist>
<parameterdescription>
<para>the LinphoneImEncryptionEngine </para></parameterdescription>
</parameteritem>
</parameterlist>
<simplesect kind="return"><para>the user data </para></simplesect>
</para>        </detaileddescription>
        <inbodydescription>
        </inbodydescription>
        <location file="C:/Jenkins/workspace/linphone-qt-win32/submodules/linphone/include/linphone/im_encryption_engine.h" line="79" column="1"/>
      </memberdef>
      <memberdef kind="function" id="group__misc_1ga71e655f99202160dfc303a10fc343db3" prot="public" static="no" const="no" explicit="no" inline="no" virt="non-virtual">
        <type>void</type>
        <definition>void linphone_im_encryption_engine_set_user_data</definition>
        <argsstring>(LinphoneImEncryptionEngine *imee, void *data)</argsstring>
        <name>linphone_im_encryption_engine_set_user_data</name>
        <param>
          <type><ref refid="group__misc_1ga842e231d1af69ef533afbe1a78e5699b" kindref="member">LinphoneImEncryptionEngine</ref> *</type>
          <declname>imee</declname>
        </param>
        <param>
          <type>void *</type>
          <declname>data</declname>
        </param>
        <briefdescription>
<para>Sets the user data in the LinphoneImEncryptionEngine object. </para>        </briefdescription>
        <detaileddescription>
<para><parameterlist kind="param"><parameteritem>
<parameternamelist>
<parametername direction="in">imee</parametername>
</parameternamelist>
<parameterdescription>
<para>the LinphoneImEncryptionEngine object </para></parameterdescription>
</parameteritem>
<parameteritem>
<parameternamelist>
<parametername direction="in">data</parametername>
</parameternamelist>
<parameterdescription>
<para>the user data </para></parameterdescription>
</parameteritem>
</parameterlist>
</para>        </detaileddescription>
        <inbodydescription>
        </inbodydescription>
        <location file="C:/Jenkins/workspace/linphone-qt-win32/submodules/linphone/include/linphone/im_encryption_engine.h" line="86" column="1"/>
      </memberdef>
      <memberdef kind="function" id="group__misc_1gaf66dd74af7504ebf1297106967cccf01" prot="public" static="no" const="no" explicit="no" inline="no" virt="non-virtual">
        <type><ref refid="group__initializing_1gaa5cf635b82dd338e7ee2dd3599d05f0a" kindref="member">LinphoneCore</ref> *</type>
        <definition>LinphoneCore* linphone_im_encryption_engine_get_core</definition>
        <argsstring>(LinphoneImEncryptionEngine *imee)</argsstring>
        <name>linphone_im_encryption_engine_get_core</name>
        <param>
          <type><ref refid="group__misc_1ga842e231d1af69ef533afbe1a78e5699b" kindref="member">LinphoneImEncryptionEngine</ref> *</type>
          <declname>imee</declname>
        </param>
        <briefdescription>
<para>Gets the LinphoneCore object that created the IM encryption engine. </para>        </briefdescription>
        <detaileddescription>
<para><parameterlist kind="param"><parameteritem>
<parameternamelist>
<parametername direction="in">imee</parametername>
</parameternamelist>
<parameterdescription>
<para>LinphoneImEncryptionEngine object </para></parameterdescription>
</parameteritem>
</parameterlist>
<simplesect kind="return"><para>The LinphoneCore object that created the IM encryption engine </para></simplesect>
</para>        </detaileddescription>
        <inbodydescription>
        </inbodydescription>
        <location file="C:/Jenkins/workspace/linphone-qt-win32/submodules/linphone/include/linphone/im_encryption_engine.h" line="93" column="1"/>
      </memberdef>
      <memberdef kind="function" id="group__misc_1ga3504ba500c1c81c561bc66ba4e351160" prot="public" static="no" const="no" explicit="no" inline="no" virt="non-virtual">
        <type><ref refid="group__misc_1ga93e3cacddafef0c1b05e48b9802e2c73" kindref="member">LinphoneImEncryptionEngineCbs</ref> *</type>
        <definition>LinphoneImEncryptionEngineCbs* linphone_im_encryption_engine_get_callbacks</definition>
        <argsstring>(const LinphoneImEncryptionEngine *imee)</argsstring>
        <name>linphone_im_encryption_engine_get_callbacks</name>
        <param>
          <type>const <ref refid="group__misc_1ga842e231d1af69ef533afbe1a78e5699b" kindref="member">LinphoneImEncryptionEngine</ref> *</type>
          <declname>imee</declname>
        </param>
        <briefdescription>
<para>Gets the LinphoneImEncryptionEngineCbs object that holds the callbacks. </para>        </briefdescription>
        <detaileddescription>
<para><parameterlist kind="param"><parameteritem>
<parameternamelist>
<parametername direction="in">imee</parametername>
</parameternamelist>
<parameterdescription>
<para>the LinphoneImEncryptionEngine object </para></parameterdescription>
</parameteritem>
</parameterlist>
<simplesect kind="return"><para>the LinphoneImEncryptionEngineCbs object </para></simplesect>
</para>        </detaileddescription>
        <inbodydescription>
        </inbodydescription>
        <location file="C:/Jenkins/workspace/linphone-qt-win32/submodules/linphone/include/linphone/im_encryption_engine.h" line="100" column="1"/>
      </memberdef>
      <memberdef kind="function" id="group__misc_1gaffb6029813b278ad5de55bb1db220816" prot="public" static="no" const="no" explicit="no" inline="no" virt="non-virtual">
        <type><ref refid="group__misc_1ga82e2434970c87898deafcefd0b20a911" kindref="member">LinphoneImEncryptionEngineCbsIncomingMessageCb</ref></type>
        <definition>LinphoneImEncryptionEngineCbsIncomingMessageCb linphone_im_encryption_engine_cbs_get_process_incoming_message</definition>
        <argsstring>(LinphoneImEncryptionEngineCbs *cbs)</argsstring>
        <name>linphone_im_encryption_engine_cbs_get_process_incoming_message</name>
        <param>
          <type><ref refid="group__misc_1ga93e3cacddafef0c1b05e48b9802e2c73" kindref="member">LinphoneImEncryptionEngineCbs</ref> *</type>
          <declname>cbs</declname>
        </param>
        <briefdescription>
<para>Gets the callback that will decrypt the chat messages upon reception. </para>        </briefdescription>
        <detaileddescription>
<para><parameterlist kind="param"><parameteritem>
<parameternamelist>
<parametername direction="in">cbs</parametername>
</parameternamelist>
<parameterdescription>
<para>the LinphoneImEncryptionEngineCbs object </para></parameterdescription>
</parameteritem>
</parameterlist>
<simplesect kind="return"><para>the callback </para></simplesect>
</para>        </detaileddescription>
        <inbodydescription>
        </inbodydescription>
        <location file="C:/Jenkins/workspace/linphone-qt-win32/submodules/linphone/include/linphone/im_encryption_engine.h" line="107" column="1"/>
      </memberdef>
      <memberdef kind="function" id="group__misc_1gad4b97a697a0a2aa1e27b627a834093a2" prot="public" static="no" const="no" explicit="no" inline="no" virt="non-virtual">
        <type>void</type>
        <definition>void linphone_im_encryption_engine_cbs_set_process_incoming_message</definition>
        <argsstring>(LinphoneImEncryptionEngineCbs *cbs, LinphoneImEncryptionEngineCbsIncomingMessageCb cb)</argsstring>
        <name>linphone_im_encryption_engine_cbs_set_process_incoming_message</name>
        <param>
          <type><ref refid="group__misc_1ga93e3cacddafef0c1b05e48b9802e2c73" kindref="member">LinphoneImEncryptionEngineCbs</ref> *</type>
          <declname>cbs</declname>
        </param>
        <param>
          <type><ref refid="group__misc_1ga82e2434970c87898deafcefd0b20a911" kindref="member">LinphoneImEncryptionEngineCbsIncomingMessageCb</ref></type>
          <declname>cb</declname>
        </param>
        <briefdescription>
<para>Sets the callback that will decrypt the chat messages upon reception. </para>        </briefdescription>
        <detaileddescription>
<para><parameterlist kind="param"><parameteritem>
<parameternamelist>
<parametername direction="in">cbs</parametername>
</parameternamelist>
<parameterdescription>
<para>the LinphoneImEncryptionEngineCbs object </para></parameterdescription>
</parameteritem>
<parameteritem>
<parameternamelist>
<parametername direction="in">cb</parametername>
</parameternamelist>
<parameterdescription>
<para>the callback to call </para></parameterdescription>
</parameteritem>
</parameterlist>
</para>        </detaileddescription>
        <inbodydescription>
        </inbodydescription>
        <location file="C:/Jenkins/workspace/linphone-qt-win32/submodules/linphone/include/linphone/im_encryption_engine.h" line="114" column="1"/>
      </memberdef>
      <memberdef kind="function" id="group__misc_1gac13201f3003201671efd61d9defe79c3" prot="public" static="no" const="no" explicit="no" inline="no" virt="non-virtual">
        <type><ref refid="group__misc_1ga7d81545508522893fcd2bb5555773612" kindref="member">LinphoneImEncryptionEngineCbsOutgoingMessageCb</ref></type>
        <definition>LinphoneImEncryptionEngineCbsOutgoingMessageCb linphone_im_encryption_engine_cbs_get_process_outgoing_message</definition>
        <argsstring>(LinphoneImEncryptionEngineCbs *cbs)</argsstring>
        <name>linphone_im_encryption_engine_cbs_get_process_outgoing_message</name>
        <param>
          <type><ref refid="group__misc_1ga93e3cacddafef0c1b05e48b9802e2c73" kindref="member">LinphoneImEncryptionEngineCbs</ref> *</type>
          <declname>cbs</declname>
        </param>
        <briefdescription>
<para>Gets the callback that will encrypt the chat messages before sending them. </para>        </briefdescription>
        <detaileddescription>
<para><parameterlist kind="param"><parameteritem>
<parameternamelist>
<parametername direction="in">cbs</parametername>
</parameternamelist>
<parameterdescription>
<para>the LinphoneImEncryptionEngineCbs object </para></parameterdescription>
</parameteritem>
</parameterlist>
<simplesect kind="return"><para>the callback </para></simplesect>
</para>        </detaileddescription>
        <inbodydescription>
        </inbodydescription>
        <location file="C:/Jenkins/workspace/linphone-qt-win32/submodules/linphone/include/linphone/im_encryption_engine.h" line="121" column="1"/>
      </memberdef>
      <memberdef kind="function" id="group__misc_1ga1e6987adff164d6f9645ef36301ceb3b" prot="public" static="no" const="no" explicit="no" inline="no" virt="non-virtual">
        <type>void</type>
        <definition>void linphone_im_encryption_engine_cbs_set_process_outgoing_message</definition>
        <argsstring>(LinphoneImEncryptionEngineCbs *cbs, LinphoneImEncryptionEngineCbsOutgoingMessageCb cb)</argsstring>
        <name>linphone_im_encryption_engine_cbs_set_process_outgoing_message</name>
        <param>
          <type><ref refid="group__misc_1ga93e3cacddafef0c1b05e48b9802e2c73" kindref="member">LinphoneImEncryptionEngineCbs</ref> *</type>
          <declname>cbs</declname>
        </param>
        <param>
          <type><ref refid="group__misc_1ga7d81545508522893fcd2bb5555773612" kindref="member">LinphoneImEncryptionEngineCbsOutgoingMessageCb</ref></type>
          <declname>cb</declname>
        </param>
        <briefdescription>
<para>Sets the callback that will encrypt the chat messages before sending them. </para>        </briefdescription>
        <detaileddescription>
<para><parameterlist kind="param"><parameteritem>
<parameternamelist>
<parametername direction="in">cbs</parametername>
</parameternamelist>
<parameterdescription>
<para>the LinphoneImEncryptionEngineCbs object </para></parameterdescription>
</parameteritem>
<parameteritem>
<parameternamelist>
<parametername direction="in">cb</parametername>
</parameternamelist>
<parameterdescription>
<para>the callback to call </para></parameterdescription>
</parameteritem>
</parameterlist>
</para>        </detaileddescription>
        <inbodydescription>
        </inbodydescription>
        <location file="C:/Jenkins/workspace/linphone-qt-win32/submodules/linphone/include/linphone/im_encryption_engine.h" line="128" column="1"/>
      </memberdef>
      <memberdef kind="function" id="group__misc_1ga683c12963b489abbc752088a17bbd2f4" prot="public" static="no" const="no" explicit="no" inline="no" virt="non-virtual">
        <type><ref refid="group__misc_1ga6c15f2fecbd38cd7a226a1b1fac82afc" kindref="member">LinphoneImEncryptionEngineCbsDownloadingFileCb</ref></type>
        <definition>LinphoneImEncryptionEngineCbsDownloadingFileCb linphone_im_encryption_engine_cbs_get_process_downloading_file</definition>
        <argsstring>(LinphoneImEncryptionEngineCbs *cbs)</argsstring>
        <name>linphone_im_encryption_engine_cbs_get_process_downloading_file</name>
        <param>
          <type><ref refid="group__misc_1ga93e3cacddafef0c1b05e48b9802e2c73" kindref="member">LinphoneImEncryptionEngineCbs</ref> *</type>
          <declname>cbs</declname>
        </param>
        <briefdescription>
<para>Gets the callback that will decrypt the files while downloading them. </para>        </briefdescription>
        <detaileddescription>
<para><parameterlist kind="param"><parameteritem>
<parameternamelist>
<parametername direction="in">cbs</parametername>
</parameternamelist>
<parameterdescription>
<para>the LinphoneImEncryptionEngineCbs object </para></parameterdescription>
</parameteritem>
</parameterlist>
<simplesect kind="return"><para>the callback </para></simplesect>
</para>        </detaileddescription>
        <inbodydescription>
        </inbodydescription>
        <location file="C:/Jenkins/workspace/linphone-qt-win32/submodules/linphone/include/linphone/im_encryption_engine.h" line="135" column="1"/>
      </memberdef>
      <memberdef kind="function" id="group__misc_1ga0b283caefd123292213eb3572740dbc3" prot="public" static="no" const="no" explicit="no" inline="no" virt="non-virtual">
        <type>void</type>
        <definition>void linphone_im_encryption_engine_cbs_set_process_downloading_file</definition>
        <argsstring>(LinphoneImEncryptionEngineCbs *cbs, LinphoneImEncryptionEngineCbsDownloadingFileCb cb)</argsstring>
        <name>linphone_im_encryption_engine_cbs_set_process_downloading_file</name>
        <param>
          <type><ref refid="group__misc_1ga93e3cacddafef0c1b05e48b9802e2c73" kindref="member">LinphoneImEncryptionEngineCbs</ref> *</type>
          <declname>cbs</declname>
        </param>
        <param>
          <type><ref refid="group__misc_1ga6c15f2fecbd38cd7a226a1b1fac82afc" kindref="member">LinphoneImEncryptionEngineCbsDownloadingFileCb</ref></type>
          <declname>cb</declname>
        </param>
        <briefdescription>
<para>Sets the callback that will decrypt the files while downloading them. </para>        </briefdescription>
        <detaileddescription>
<para><parameterlist kind="param"><parameteritem>
<parameternamelist>
<parametername direction="in">cbs</parametername>
</parameternamelist>
<parameterdescription>
<para>the LinphoneImEncryptionEngineCbs object </para></parameterdescription>
</parameteritem>
<parameteritem>
<parameternamelist>
<parametername direction="in">cb</parametername>
</parameternamelist>
<parameterdescription>
<para>the callback to call </para></parameterdescription>
</parameteritem>
</parameterlist>
</para>        </detaileddescription>
        <inbodydescription>
        </inbodydescription>
        <location file="C:/Jenkins/workspace/linphone-qt-win32/submodules/linphone/include/linphone/im_encryption_engine.h" line="142" column="1"/>
      </memberdef>
      <memberdef kind="function" id="group__misc_1gab771dd5c29691a4c713d149f8abf56a0" prot="public" static="no" const="no" explicit="no" inline="no" virt="non-virtual">
        <type><ref refid="group__misc_1ga24e11a07fabacfcabc7d1803fc8089e0" kindref="member">LinphoneImEncryptionEngineCbsUploadingFileCb</ref></type>
        <definition>LinphoneImEncryptionEngineCbsUploadingFileCb linphone_im_encryption_engine_cbs_get_process_uploading_file</definition>
        <argsstring>(LinphoneImEncryptionEngineCbs *cbs)</argsstring>
        <name>linphone_im_encryption_engine_cbs_get_process_uploading_file</name>
        <param>
          <type><ref refid="group__misc_1ga93e3cacddafef0c1b05e48b9802e2c73" kindref="member">LinphoneImEncryptionEngineCbs</ref> *</type>
          <declname>cbs</declname>
        </param>
        <briefdescription>
<para>Gets the callback that will will encrypt the files while uploading them. </para>        </briefdescription>
        <detaileddescription>
<para><parameterlist kind="param"><parameteritem>
<parameternamelist>
<parametername direction="in">cbs</parametername>
</parameternamelist>
<parameterdescription>
<para>the LinphoneImEncryptionEngineCbs object </para></parameterdescription>
</parameteritem>
</parameterlist>
<simplesect kind="return"><para>the callback </para></simplesect>
</para>        </detaileddescription>
        <inbodydescription>
        </inbodydescription>
        <location file="C:/Jenkins/workspace/linphone-qt-win32/submodules/linphone/include/linphone/im_encryption_engine.h" line="149" column="1"/>
      </memberdef>
      <memberdef kind="function" id="group__misc_1gaaaf423a527662437ed8604a6f63eb28e" prot="public" static="no" const="no" explicit="no" inline="no" virt="non-virtual">
        <type>void</type>
        <definition>void linphone_im_encryption_engine_cbs_set_process_uploading_file</definition>
        <argsstring>(LinphoneImEncryptionEngineCbs *cbs, LinphoneImEncryptionEngineCbsUploadingFileCb cb)</argsstring>
        <name>linphone_im_encryption_engine_cbs_set_process_uploading_file</name>
        <param>
          <type><ref refid="group__misc_1ga93e3cacddafef0c1b05e48b9802e2c73" kindref="member">LinphoneImEncryptionEngineCbs</ref> *</type>
          <declname>cbs</declname>
        </param>
        <param>
          <type><ref refid="group__misc_1ga24e11a07fabacfcabc7d1803fc8089e0" kindref="member">LinphoneImEncryptionEngineCbsUploadingFileCb</ref></type>
          <declname>cb</declname>
        </param>
        <briefdescription>
<para>Sets the callback that will encrypt the files while uploading them. </para>        </briefdescription>
        <detaileddescription>
<para><parameterlist kind="param"><parameteritem>
<parameternamelist>
<parametername direction="in">cbs</parametername>
</parameternamelist>
<parameterdescription>
<para>the LinphoneImEncryptionEngineCbs object </para></parameterdescription>
</parameteritem>
<parameteritem>
<parameternamelist>
<parametername direction="in">cb</parametername>
</parameternamelist>
<parameterdescription>
<para>the callback to call </para></parameterdescription>
</parameteritem>
</parameterlist>
</para>        </detaileddescription>
        <inbodydescription>
        </inbodydescription>
        <location file="C:/Jenkins/workspace/linphone-qt-win32/submodules/linphone/include/linphone/im_encryption_engine.h" line="156" column="1"/>
      </memberdef>
      <memberdef kind="function" id="group__misc_1ga9a0117fc116c02d3847b2fccccc53f2d" prot="public" static="no" const="no" explicit="no" inline="no" virt="non-virtual">
        <type><ref refid="group__misc_1ga0c78870e6ff51ce9c3ab49c704ef0912" kindref="member">LinphoneImEncryptionEngineCbsIsEncryptionEnabledForFileTransferCb</ref></type>
        <definition>LinphoneImEncryptionEngineCbsIsEncryptionEnabledForFileTransferCb linphone_im_encryption_engine_cbs_get_is_encryption_enabled_for_file_transfer</definition>
        <argsstring>(LinphoneImEncryptionEngineCbs *cbs)</argsstring>
        <name>linphone_im_encryption_engine_cbs_get_is_encryption_enabled_for_file_transfer</name>
        <param>
          <type><ref refid="group__misc_1ga93e3cacddafef0c1b05e48b9802e2c73" kindref="member">LinphoneImEncryptionEngineCbs</ref> *</type>
          <declname>cbs</declname>
        </param>
        <briefdescription>
<para>Gets the callback telling wheter or not to encrypt the files. </para>        </briefdescription>
        <detaileddescription>
<para><parameterlist kind="param"><parameteritem>
<parameternamelist>
<parametername direction="in">cbs</parametername>
</parameternamelist>
<parameterdescription>
<para>the LinphoneImEncryptionEngineCbs object </para></parameterdescription>
</parameteritem>
</parameterlist>
<simplesect kind="return"><para>the callback </para></simplesect>
</para>        </detaileddescription>
        <inbodydescription>
        </inbodydescription>
        <location file="C:/Jenkins/workspace/linphone-qt-win32/submodules/linphone/include/linphone/im_encryption_engine.h" line="163" column="1"/>
      </memberdef>
      <memberdef kind="function" id="group__misc_1ga67f004257747da9afe7fef92e6f5e88e" prot="public" static="no" const="no" explicit="no" inline="no" virt="non-virtual">
        <type>void</type>
        <definition>void linphone_im_encryption_engine_cbs_set_is_encryption_enabled_for_file_transfer</definition>
        <argsstring>(LinphoneImEncryptionEngineCbs *cbs, LinphoneImEncryptionEngineCbsIsEncryptionEnabledForFileTransferCb cb)</argsstring>
        <name>linphone_im_encryption_engine_cbs_set_is_encryption_enabled_for_file_transfer</name>
        <param>
          <type><ref refid="group__misc_1ga93e3cacddafef0c1b05e48b9802e2c73" kindref="member">LinphoneImEncryptionEngineCbs</ref> *</type>
          <declname>cbs</declname>
        </param>
        <param>
          <type><ref refid="group__misc_1ga0c78870e6ff51ce9c3ab49c704ef0912" kindref="member">LinphoneImEncryptionEngineCbsIsEncryptionEnabledForFileTransferCb</ref></type>
          <declname>cb</declname>
        </param>
        <briefdescription>
<para>Sets the callback telling wheter or not to encrypt the files. </para>        </briefdescription>
        <detaileddescription>
<para><parameterlist kind="param"><parameteritem>
<parameternamelist>
<parametername direction="in">cbs</parametername>
</parameternamelist>
<parameterdescription>
<para>the LinphoneImEncryptionEngineCbs object </para></parameterdescription>
</parameteritem>
<parameteritem>
<parameternamelist>
<parametername direction="in">cb</parametername>
</parameternamelist>
<parameterdescription>
<para>the callback to call </para></parameterdescription>
</parameteritem>
</parameterlist>
</para>        </detaileddescription>
        <inbodydescription>
        </inbodydescription>
        <location file="C:/Jenkins/workspace/linphone-qt-win32/submodules/linphone/include/linphone/im_encryption_engine.h" line="170" column="1"/>
      </memberdef>
      <memberdef kind="function" id="group__misc_1gab38e2c931b2fd688c2003c5b0a3d0deb" prot="public" static="no" const="no" explicit="no" inline="no" virt="non-virtual">
        <type><ref refid="group__misc_1ga2e54bd3818451c652c2515bb014bfbe0" kindref="member">LinphoneImEncryptionEngineCbsGenerateFileTransferKeyCb</ref></type>
        <definition>LinphoneImEncryptionEngineCbsGenerateFileTransferKeyCb linphone_im_encryption_engine_cbs_get_generate_file_transfer_key</definition>
        <argsstring>(LinphoneImEncryptionEngineCbs *cbs)</argsstring>
        <name>linphone_im_encryption_engine_cbs_get_generate_file_transfer_key</name>
        <param>
          <type><ref refid="group__misc_1ga93e3cacddafef0c1b05e48b9802e2c73" kindref="member">LinphoneImEncryptionEngineCbs</ref> *</type>
          <declname>cbs</declname>
        </param>
        <briefdescription>
<para>Gets the callback that will generate the key to encrypt the file before uploading it. </para>        </briefdescription>
        <detaileddescription>
<para><parameterlist kind="param"><parameteritem>
<parameternamelist>
<parametername direction="in">cbs</parametername>
</parameternamelist>
<parameterdescription>
<para>the LinphoneImEncryptionEngineCbs object </para></parameterdescription>
</parameteritem>
</parameterlist>
<simplesect kind="return"><para>the callback </para></simplesect>
</para>        </detaileddescription>
        <inbodydescription>
        </inbodydescription>
        <location file="C:/Jenkins/workspace/linphone-qt-win32/submodules/linphone/include/linphone/im_encryption_engine.h" line="177" column="1"/>
      </memberdef>
      <memberdef kind="function" id="group__misc_1ga6e33dacbdbe1a7edcd5f636a1bc29586" prot="public" static="no" const="no" explicit="no" inline="no" virt="non-virtual">
        <type>void</type>
        <definition>void linphone_im_encryption_engine_cbs_set_generate_file_transfer_key</definition>
        <argsstring>(LinphoneImEncryptionEngineCbs *cbs, LinphoneImEncryptionEngineCbsGenerateFileTransferKeyCb cb)</argsstring>
        <name>linphone_im_encryption_engine_cbs_set_generate_file_transfer_key</name>
        <param>
          <type><ref refid="group__misc_1ga93e3cacddafef0c1b05e48b9802e2c73" kindref="member">LinphoneImEncryptionEngineCbs</ref> *</type>
          <declname>cbs</declname>
        </param>
        <param>
          <type><ref refid="group__misc_1ga2e54bd3818451c652c2515bb014bfbe0" kindref="member">LinphoneImEncryptionEngineCbsGenerateFileTransferKeyCb</ref></type>
          <declname>cb</declname>
        </param>
        <briefdescription>
<para>Sets the callback that will generate the key to encrypt the file before uploading it. </para>        </briefdescription>
        <detaileddescription>
<para><parameterlist kind="param"><parameteritem>
<parameternamelist>
<parametername direction="in">cbs</parametername>
</parameternamelist>
<parameterdescription>
<para>the LinphoneImEncryptionEngineCbs object </para></parameterdescription>
</parameteritem>
<parameteritem>
<parameternamelist>
<parametername direction="in">cb</parametername>
</parameternamelist>
<parameterdescription>
<para>the callback to call </para></parameterdescription>
</parameteritem>
</parameterlist>
</para>        </detaileddescription>
        <inbodydescription>
        </inbodydescription>
        <location file="C:/Jenkins/workspace/linphone-qt-win32/submodules/linphone/include/linphone/im_encryption_engine.h" line="184" column="1"/>
      </memberdef>
      <memberdef kind="function" id="group__misc_1ga13f4f853604b4635b64c56d9d675f195" prot="public" static="no" const="no" explicit="no" inline="no" virt="non-virtual">
        <type>int</type>
        <definition>int linphone_chat_message_set_text</definition>
        <argsstring>(LinphoneChatMessage *msg, const char *text)</argsstring>
        <name>linphone_chat_message_set_text</name>
        <param>
          <type><ref refid="group__chatroom_1gada79c4417919389b5247e254279f7833" kindref="member">LinphoneChatMessage</ref> *</type>
          <declname>msg</declname>
        </param>
        <param>
          <type>const char *</type>
          <declname>text</declname>
        </param>
        <briefdescription>
<para>Set a chat message text to be sent by <ref refid="group__chatroom_1gad22a10b819a4a33f6dc12d88b64e5537" kindref="member">linphone_chat_room_send_message</ref>. </para>        </briefdescription>
        <detaileddescription>
<para><parameterlist kind="param"><parameteritem>
<parameternamelist>
<parametername direction="in">msg</parametername>
</parameternamelist>
<parameterdescription>
<para>LinphoneChatMessage </para></parameterdescription>
</parameteritem>
<parameteritem>
<parameternamelist>
<parametername direction="in">text</parametername>
</parameternamelist>
<parameterdescription>
<para>Const char * </para></parameterdescription>
</parameteritem>
</parameterlist>
<simplesect kind="return"><para>0 if succeed. </para></simplesect>
</para>        </detaileddescription>
        <inbodydescription>
        </inbodydescription>
        <location file="C:/Jenkins/workspace/linphone-qt-win32/submodules/linphone/include/linphone/im_encryption_engine.h" line="191" column="1"/>
      </memberdef>
      <memberdef kind="function" id="group__misc_1ga5a6539e0d527ae08670d350832707e4e" prot="public" static="no" const="no" explicit="no" inline="no" virt="non-virtual">
        <type><ref refid="group__misc_1ga842e231d1af69ef533afbe1a78e5699b" kindref="member">LinphoneImEncryptionEngine</ref> *</type>
        <definition>LinphoneImEncryptionEngine* linphone_im_encryption_engine_new</definition>
        <argsstring>(void)</argsstring>
        <name>linphone_im_encryption_engine_new</name>
        <param>
          <type>void</type>
        </param>
        <briefdescription>
<para>Create the IM encryption engine. </para>        </briefdescription>
        <detaileddescription>
<para><simplesect kind="return"><para>The created the IM encryption engine </para></simplesect>
</para>        </detaileddescription>
        <inbodydescription>
        </inbodydescription>
        <location file="C:/Jenkins/workspace/linphone-qt-win32/submodules/linphone/include/linphone/im_encryption_engine.h" line="197" column="1"/>
      </memberdef>
      </sectiondef>
    <briefdescription>
    </briefdescription>
    <detaileddescription>
    </detaileddescription>
    <programlisting>
<codeline lineno="1"><highlight class="comment">/*</highlight></codeline>
<codeline lineno="2"><highlight class="comment">im_encryption_engine.h</highlight></codeline>
<codeline lineno="3"><highlight class="comment">Copyright<sp/>(C)<sp/>2016<sp/><sp/>Belledonne<sp/>Communications<sp/>SARL</highlight></codeline>
<codeline lineno="4"><highlight class="comment"></highlight></codeline>
<codeline lineno="5"><highlight class="comment">This<sp/>program<sp/>is<sp/>free<sp/>software;<sp/>you<sp/>can<sp/>redistribute<sp/>it<sp/>and/or</highlight></codeline>
<codeline lineno="6"><highlight class="comment">modify<sp/>it<sp/>under<sp/>the<sp/>terms<sp/>of<sp/>the<sp/>GNU<sp/>General<sp/>Public<sp/>License</highlight></codeline>
<codeline lineno="7"><highlight class="comment">as<sp/>published<sp/>by<sp/>the<sp/>Free<sp/>Software<sp/>Foundation;<sp/>either<sp/>version<sp/>2</highlight></codeline>
<codeline lineno="8"><highlight class="comment">of<sp/>the<sp/>License,<sp/>or<sp/>(at<sp/>your<sp/>option)<sp/>any<sp/>later<sp/>version.</highlight></codeline>
<codeline lineno="9"><highlight class="comment"></highlight></codeline>
<codeline lineno="10"><highlight class="comment">This<sp/>program<sp/>is<sp/>distributed<sp/>in<sp/>the<sp/>hope<sp/>that<sp/>it<sp/>will<sp/>be<sp/>useful,</highlight></codeline>
<codeline lineno="11"><highlight class="comment">but<sp/>WITHOUT<sp/>ANY<sp/>WARRANTY;<sp/>without<sp/>even<sp/>the<sp/>implied<sp/>warranty<sp/>of</highlight></codeline>
<codeline lineno="12"><highlight class="comment">MERCHANTABILITY<sp/>or<sp/>FITNESS<sp/>FOR<sp/>A<sp/>PARTICULAR<sp/>PURPOSE.<sp/><sp/>See<sp/>the</highlight></codeline>
<codeline lineno="13"><highlight class="comment">GNU<sp/>General<sp/>Public<sp/>License<sp/>for<sp/>more<sp/>details.</highlight></codeline>
<codeline lineno="14"><highlight class="comment"></highlight></codeline>
<codeline lineno="15"><highlight class="comment">You<sp/>should<sp/>have<sp/>received<sp/>a<sp/>copy<sp/>of<sp/>the<sp/>GNU<sp/>General<sp/>Public<sp/>License</highlight></codeline>
<codeline lineno="16"><highlight class="comment">along<sp/>with<sp/>this<sp/>program;<sp/>if<sp/>not,<sp/>write<sp/>to<sp/>the<sp/>Free<sp/>Software</highlight></codeline>
<codeline lineno="17"><highlight class="comment">Foundation,<sp/>Inc.,<sp/>51<sp/>Franklin<sp/>Street,<sp/>Fifth<sp/>Floor,<sp/>Boston,<sp/>MA<sp/><sp/>02110-1301,<sp/>USA.</highlight></codeline>
<codeline lineno="18"><highlight class="comment">*/</highlight><highlight class="normal"></highlight></codeline>
<codeline lineno="19"><highlight class="normal"></highlight></codeline>
<codeline lineno="20"><highlight class="normal"></highlight><highlight class="preprocessor">#ifndef<sp/>LINPHONE_IM_ENCRYPTION_ENGINE_H</highlight><highlight class="normal"></highlight></codeline>
<codeline lineno="21"><highlight class="normal"></highlight><highlight class="preprocessor">#define<sp/>LINPHONE_IM_ENCRYPTION_ENGINE_H</highlight><highlight class="normal"></highlight></codeline>
<codeline lineno="22"><highlight class="normal"></highlight></codeline>
<codeline lineno="23"><highlight class="normal"></highlight><highlight class="preprocessor">#include<sp/>&quot;linphone/types.h&quot;</highlight><highlight class="normal"></highlight></codeline>
<codeline lineno="24"><highlight class="normal"></highlight></codeline>
<codeline lineno="25"><highlight class="normal"></highlight><highlight class="preprocessor">#ifdef<sp/>__cplusplus</highlight><highlight class="normal"></highlight></codeline>
<codeline lineno="26"><highlight class="normal"></highlight><highlight class="keyword">extern</highlight><highlight class="normal"><sp/></highlight><highlight class="stringliteral">&quot;C&quot;</highlight><highlight class="normal"><sp/>{</highlight></codeline>
<codeline lineno="27"><highlight class="normal"></highlight><highlight class="preprocessor">#endif</highlight><highlight class="normal"></highlight></codeline>
<codeline lineno="28"><highlight class="normal"></highlight></codeline>
<codeline lineno="39"><highlight class="normal"><ref refid="group__misc_1ga93e3cacddafef0c1b05e48b9802e2c73" kindref="member">LinphoneImEncryptionEngineCbs</ref><sp/>*<sp/><ref refid="group__misc_1gad40c0f267fedf0ebd4d04f192d667c85" kindref="member">linphone_im_encryption_engine_cbs_ref</ref>(<ref refid="group__misc_1ga93e3cacddafef0c1b05e48b9802e2c73" kindref="member">LinphoneImEncryptionEngineCbs</ref><sp/>*cbs);</highlight></codeline>
<codeline lineno="40"><highlight class="normal"></highlight></codeline>
<codeline lineno="45"><highlight class="keywordtype">void</highlight><highlight class="normal"><sp/><ref refid="group__misc_1ga0f6af75eb9d99e038f53166e7e2a9be6" kindref="member">linphone_im_encryption_engine_cbs_unref</ref>(<ref refid="group__misc_1ga93e3cacddafef0c1b05e48b9802e2c73" kindref="member">LinphoneImEncryptionEngineCbs</ref><sp/>*cbs);</highlight></codeline>
<codeline lineno="46"><highlight class="normal"></highlight></codeline>
<codeline lineno="52"><highlight class="normal">LINPHONE_PUBLIC<sp/></highlight><highlight class="keywordtype">void</highlight><highlight class="normal"><sp/>*<ref refid="group__misc_1ga5f8de7a9e42f1d95fd429970b571348c" kindref="member">linphone_im_encryption_engine_cbs_get_user_data</ref>(</highlight><highlight class="keyword">const</highlight><highlight class="normal"><sp/><ref refid="group__misc_1ga93e3cacddafef0c1b05e48b9802e2c73" kindref="member">LinphoneImEncryptionEngineCbs</ref><sp/>*cbs);</highlight></codeline>
<codeline lineno="53"><highlight class="normal"></highlight></codeline>
<codeline lineno="59"><highlight class="normal">LINPHONE_PUBLIC<sp/></highlight><highlight class="keywordtype">void</highlight><highlight class="normal"><sp/><ref refid="group__misc_1ga294302a628f061102154793cca203fc5" kindref="member">linphone_im_encryption_engine_cbs_set_user_data</ref>(<ref refid="group__misc_1ga93e3cacddafef0c1b05e48b9802e2c73" kindref="member">LinphoneImEncryptionEngineCbs</ref><sp/>*cbs,<sp/></highlight><highlight class="keywordtype">void</highlight><highlight class="normal"><sp/>*data);</highlight></codeline>
<codeline lineno="60"><highlight class="normal"></highlight></codeline>
<codeline lineno="66"><highlight class="normal">LINPHONE_PUBLIC<sp/><ref refid="group__misc_1ga842e231d1af69ef533afbe1a78e5699b" kindref="member">LinphoneImEncryptionEngine</ref><sp/>*<sp/><ref refid="group__misc_1ga59fe0b6de70400a90ac0842638a953f6" kindref="member">linphone_im_encryption_engine_ref</ref>(<ref refid="group__misc_1ga842e231d1af69ef533afbe1a78e5699b" kindref="member">LinphoneImEncryptionEngine</ref><sp/>*imee);</highlight></codeline>
<codeline lineno="67"><highlight class="normal"></highlight></codeline>
<codeline lineno="72"><highlight class="normal">LINPHONE_PUBLIC<sp/></highlight><highlight class="keywordtype">void</highlight><highlight class="normal"><sp/><ref refid="group__misc_1ga92ad6052638dfb58dcafe9eb8d59c263" kindref="member">linphone_im_encryption_engine_unref</ref>(<ref refid="group__misc_1ga842e231d1af69ef533afbe1a78e5699b" kindref="member">LinphoneImEncryptionEngine</ref><sp/>*imee);</highlight></codeline>
<codeline lineno="73"><highlight class="normal"></highlight></codeline>
<codeline lineno="79"><highlight class="normal">LINPHONE_PUBLIC<sp/></highlight><highlight class="keywordtype">void</highlight><highlight class="normal"><sp/>*<ref refid="group__misc_1ga72d63dce8e2b26aafeabf844652b9584" kindref="member">linphone_im_encryption_engine_get_user_data</ref>(</highlight><highlight class="keyword">const</highlight><highlight class="normal"><sp/><ref refid="group__misc_1ga842e231d1af69ef533afbe1a78e5699b" kindref="member">LinphoneImEncryptionEngine</ref><sp/>*imee);</highlight></codeline>
<codeline lineno="80"><highlight class="normal"></highlight></codeline>
<codeline lineno="86"><highlight class="normal">LINPHONE_PUBLIC<sp/></highlight><highlight class="keywordtype">void</highlight><highlight class="normal"><sp/><ref refid="group__misc_1ga71e655f99202160dfc303a10fc343db3" kindref="member">linphone_im_encryption_engine_set_user_data</ref>(<ref refid="group__misc_1ga842e231d1af69ef533afbe1a78e5699b" kindref="member">LinphoneImEncryptionEngine</ref><sp/>*imee,<sp/></highlight><highlight class="keywordtype">void</highlight><highlight class="normal"><sp/>*data);</highlight></codeline>
<codeline lineno="87"><highlight class="normal"></highlight></codeline>
<codeline lineno="93"><highlight class="normal">LINPHONE_PUBLIC<sp/><ref refid="group__initializing_1gaa5cf635b82dd338e7ee2dd3599d05f0a" kindref="member">LinphoneCore</ref><sp/>*<sp/><ref refid="group__misc_1gaf66dd74af7504ebf1297106967cccf01" kindref="member">linphone_im_encryption_engine_get_core</ref>(<ref refid="group__misc_1ga842e231d1af69ef533afbe1a78e5699b" kindref="member">LinphoneImEncryptionEngine</ref><sp/>*imee);</highlight></codeline>
<codeline lineno="94"><highlight class="normal"></highlight></codeline>
<codeline lineno="100"><highlight class="normal">LINPHONE_PUBLIC<sp/><ref refid="group__misc_1ga93e3cacddafef0c1b05e48b9802e2c73" kindref="member">LinphoneImEncryptionEngineCbs</ref>*<sp/><ref refid="group__misc_1ga3504ba500c1c81c561bc66ba4e351160" kindref="member">linphone_im_encryption_engine_get_callbacks</ref>(</highlight><highlight class="keyword">const</highlight><highlight class="normal"><sp/><ref refid="group__misc_1ga842e231d1af69ef533afbe1a78e5699b" kindref="member">LinphoneImEncryptionEngine</ref><sp/>*imee);</highlight></codeline>
<codeline lineno="101"><highlight class="normal"></highlight></codeline>
<codeline lineno="107"><highlight class="normal">LINPHONE_PUBLIC<sp/><ref refid="group__misc_1ga82e2434970c87898deafcefd0b20a911" kindref="member">LinphoneImEncryptionEngineCbsIncomingMessageCb</ref><sp/><ref refid="group__misc_1gaffb6029813b278ad5de55bb1db220816" kindref="member">linphone_im_encryption_engine_cbs_get_process_incoming_message</ref>(<ref refid="group__misc_1ga93e3cacddafef0c1b05e48b9802e2c73" kindref="member">LinphoneImEncryptionEngineCbs</ref><sp/>*cbs);</highlight></codeline>
<codeline lineno="108"><highlight class="normal"></highlight></codeline>
<codeline lineno="114"><highlight class="normal">LINPHONE_PUBLIC<sp/></highlight><highlight class="keywordtype">void</highlight><highlight class="normal"><sp/><ref refid="group__misc_1gad4b97a697a0a2aa1e27b627a834093a2" kindref="member">linphone_im_encryption_engine_cbs_set_process_incoming_message</ref>(<ref refid="group__misc_1ga93e3cacddafef0c1b05e48b9802e2c73" kindref="member">LinphoneImEncryptionEngineCbs</ref><sp/>*cbs,<sp/><ref refid="group__misc_1ga82e2434970c87898deafcefd0b20a911" kindref="member">LinphoneImEncryptionEngineCbsIncomingMessageCb</ref><sp/>cb);</highlight></codeline>
<codeline lineno="115"><highlight class="normal"></highlight></codeline>
<codeline lineno="121"><highlight class="normal">LINPHONE_PUBLIC<sp/><ref refid="group__misc_1ga7d81545508522893fcd2bb5555773612" kindref="member">LinphoneImEncryptionEngineCbsOutgoingMessageCb</ref><sp/><ref refid="group__misc_1gac13201f3003201671efd61d9defe79c3" kindref="member">linphone_im_encryption_engine_cbs_get_process_outgoing_message</ref>(<ref refid="group__misc_1ga93e3cacddafef0c1b05e48b9802e2c73" kindref="member">LinphoneImEncryptionEngineCbs</ref><sp/>*cbs);</highlight></codeline>
<codeline lineno="122"><highlight class="normal"></highlight></codeline>
<codeline lineno="128"><highlight class="normal">LINPHONE_PUBLIC<sp/></highlight><highlight class="keywordtype">void</highlight><highlight class="normal"><sp/><ref refid="group__misc_1ga1e6987adff164d6f9645ef36301ceb3b" kindref="member">linphone_im_encryption_engine_cbs_set_process_outgoing_message</ref>(<ref refid="group__misc_1ga93e3cacddafef0c1b05e48b9802e2c73" kindref="member">LinphoneImEncryptionEngineCbs</ref><sp/>*cbs,<sp/><ref refid="group__misc_1ga7d81545508522893fcd2bb5555773612" kindref="member">LinphoneImEncryptionEngineCbsOutgoingMessageCb</ref><sp/>cb);</highlight></codeline>
<codeline lineno="129"><highlight class="normal"></highlight></codeline>
<codeline lineno="135"><highlight class="normal">LINPHONE_PUBLIC<sp/><ref refid="group__misc_1ga6c15f2fecbd38cd7a226a1b1fac82afc" kindref="member">LinphoneImEncryptionEngineCbsDownloadingFileCb</ref><sp/><ref refid="group__misc_1ga683c12963b489abbc752088a17bbd2f4" kindref="member">linphone_im_encryption_engine_cbs_get_process_downloading_file</ref>(<ref refid="group__misc_1ga93e3cacddafef0c1b05e48b9802e2c73" kindref="member">LinphoneImEncryptionEngineCbs</ref><sp/>*cbs);</highlight></codeline>
<codeline lineno="136"><highlight class="normal"></highlight></codeline>
<codeline lineno="142"><highlight class="normal">LINPHONE_PUBLIC<sp/></highlight><highlight class="keywordtype">void</highlight><highlight class="normal"><sp/><ref refid="group__misc_1ga0b283caefd123292213eb3572740dbc3" kindref="member">linphone_im_encryption_engine_cbs_set_process_downloading_file</ref>(<ref refid="group__misc_1ga93e3cacddafef0c1b05e48b9802e2c73" kindref="member">LinphoneImEncryptionEngineCbs</ref><sp/>*cbs,<sp/><ref refid="group__misc_1ga6c15f2fecbd38cd7a226a1b1fac82afc" kindref="member">LinphoneImEncryptionEngineCbsDownloadingFileCb</ref><sp/>cb);</highlight></codeline>
<codeline lineno="143"><highlight class="normal"></highlight></codeline>
<codeline lineno="149"><highlight class="normal">LINPHONE_PUBLIC<sp/><ref refid="group__misc_1ga24e11a07fabacfcabc7d1803fc8089e0" kindref="member">LinphoneImEncryptionEngineCbsUploadingFileCb</ref><sp/><ref refid="group__misc_1gab771dd5c29691a4c713d149f8abf56a0" kindref="member">linphone_im_encryption_engine_cbs_get_process_uploading_file</ref>(<ref refid="group__misc_1ga93e3cacddafef0c1b05e48b9802e2c73" kindref="member">LinphoneImEncryptionEngineCbs</ref><sp/>*cbs);</highlight></codeline>
<codeline lineno="150"><highlight class="normal"></highlight></codeline>
<codeline lineno="156"><highlight class="normal">LINPHONE_PUBLIC<sp/></highlight><highlight class="keywordtype">void</highlight><highlight class="normal"><sp/><ref refid="group__misc_1gaaaf423a527662437ed8604a6f63eb28e" kindref="member">linphone_im_encryption_engine_cbs_set_process_uploading_file</ref>(<ref refid="group__misc_1ga93e3cacddafef0c1b05e48b9802e2c73" kindref="member">LinphoneImEncryptionEngineCbs</ref><sp/>*cbs,<sp/><ref refid="group__misc_1ga24e11a07fabacfcabc7d1803fc8089e0" kindref="member">LinphoneImEncryptionEngineCbsUploadingFileCb</ref><sp/>cb);</highlight></codeline>
<codeline lineno="157"><highlight class="normal"></highlight></codeline>
<codeline lineno="163"><highlight class="normal">LINPHONE_PUBLIC<sp/><ref refid="group__misc_1ga0c78870e6ff51ce9c3ab49c704ef0912" kindref="member">LinphoneImEncryptionEngineCbsIsEncryptionEnabledForFileTransferCb</ref><sp/><ref refid="group__misc_1ga9a0117fc116c02d3847b2fccccc53f2d" kindref="member">linphone_im_encryption_engine_cbs_get_is_encryption_enabled_for_file_transfer</ref>(<ref refid="group__misc_1ga93e3cacddafef0c1b05e48b9802e2c73" kindref="member">LinphoneImEncryptionEngineCbs</ref><sp/>*cbs);</highlight></codeline>
<codeline lineno="164"><highlight class="normal"></highlight></codeline>
<codeline lineno="170"><highlight class="normal">LINPHONE_PUBLIC<sp/></highlight><highlight class="keywordtype">void</highlight><highlight class="normal"><sp/><ref refid="group__misc_1ga67f004257747da9afe7fef92e6f5e88e" kindref="member">linphone_im_encryption_engine_cbs_set_is_encryption_enabled_for_file_transfer</ref>(<ref refid="group__misc_1ga93e3cacddafef0c1b05e48b9802e2c73" kindref="member">LinphoneImEncryptionEngineCbs</ref><sp/>*cbs,<sp/><ref refid="group__misc_1ga0c78870e6ff51ce9c3ab49c704ef0912" kindref="member">LinphoneImEncryptionEngineCbsIsEncryptionEnabledForFileTransferCb</ref><sp/>cb);</highlight></codeline>
<codeline lineno="171"><highlight class="normal"></highlight></codeline>
<codeline lineno="177"><highlight class="normal">LINPHONE_PUBLIC<sp/><ref refid="group__misc_1ga2e54bd3818451c652c2515bb014bfbe0" kindref="member">LinphoneImEncryptionEngineCbsGenerateFileTransferKeyCb</ref><sp/><ref refid="group__misc_1gab38e2c931b2fd688c2003c5b0a3d0deb" kindref="member">linphone_im_encryption_engine_cbs_get_generate_file_transfer_key</ref>(<ref refid="group__misc_1ga93e3cacddafef0c1b05e48b9802e2c73" kindref="member">LinphoneImEncryptionEngineCbs</ref><sp/>*cbs);</highlight></codeline>
<codeline lineno="178"><highlight class="normal"></highlight></codeline>
<codeline lineno="184"><highlight class="normal">LINPHONE_PUBLIC<sp/></highlight><highlight class="keywordtype">void</highlight><highlight class="normal"><sp/><ref refid="group__misc_1ga6e33dacbdbe1a7edcd5f636a1bc29586" kindref="member">linphone_im_encryption_engine_cbs_set_generate_file_transfer_key</ref>(<ref refid="group__misc_1ga93e3cacddafef0c1b05e48b9802e2c73" kindref="member">LinphoneImEncryptionEngineCbs</ref><sp/>*cbs,<sp/><ref refid="group__misc_1ga2e54bd3818451c652c2515bb014bfbe0" kindref="member">LinphoneImEncryptionEngineCbsGenerateFileTransferKeyCb</ref><sp/>cb);</highlight></codeline>
<codeline lineno="185"><highlight class="normal"></highlight></codeline>
<codeline lineno="191"><highlight class="normal">LINPHONE_PUBLIC<sp/></highlight><highlight class="keywordtype">int</highlight><highlight class="normal"><sp/><ref refid="group__misc_1ga13f4f853604b4635b64c56d9d675f195" kindref="member">linphone_chat_message_set_text</ref>(<ref refid="group__chatroom_1gada79c4417919389b5247e254279f7833" kindref="member">LinphoneChatMessage</ref><sp/>*msg,<sp/></highlight><highlight class="keyword">const</highlight><highlight class="normal"><sp/></highlight><highlight class="keywordtype">char</highlight><highlight class="normal">*<sp/>text);</highlight></codeline>
<codeline lineno="192"><highlight class="normal"></highlight></codeline>
<codeline lineno="197"><highlight class="normal">LINPHONE_PUBLIC<sp/><ref refid="group__misc_1ga842e231d1af69ef533afbe1a78e5699b" kindref="member">LinphoneImEncryptionEngine</ref><sp/>*<ref refid="group__misc_1ga5a6539e0d527ae08670d350832707e4e" kindref="member">linphone_im_encryption_engine_new</ref>(</highlight><highlight class="keywordtype">void</highlight><highlight class="normal">);</highlight></codeline>
<codeline lineno="198"><highlight class="normal"><sp/><sp/><sp/><sp/><sp/><sp/><sp/><sp/></highlight></codeline>
<codeline lineno="203"><highlight class="preprocessor">#ifdef<sp/>__cplusplus</highlight><highlight class="normal"></highlight></codeline>
<codeline lineno="204"><highlight class="normal">}</highlight></codeline>
<codeline lineno="205"><highlight class="normal"></highlight><highlight class="preprocessor">#endif</highlight><highlight class="normal"></highlight></codeline>
<codeline lineno="206"><highlight class="normal"></highlight></codeline>
<codeline lineno="207"><highlight class="normal"></highlight><highlight class="preprocessor">#endif<sp/></highlight><highlight class="comment">/*<sp/>LINPHONE_IM_ENCRYPTION_ENGINE_H<sp/>*/</highlight><highlight class="preprocessor"></highlight></codeline>
    </programlisting>
    <location file="C:/Jenkins/workspace/linphone-qt-win32/submodules/linphone/include/linphone/im_encryption_engine.h"/>
  </compounddef>
</doxygen>
