<?xml version='1.0' encoding='UTF-8' standalone='no'?>
<doxygen xmlns:xsi="http://www.w3.org/2001/XMLSchema-instance" xsi:noNamespaceSchemaLocation="compound.xsd" version="1.8.11">
  <compounddef id="linphone__tunnel_8h" kind="file" language="C++">
    <compoundname>linphone_tunnel.h</compoundname>
    <includes refid="tunnel_8h" local="yes">linphone/tunnel.h</includes>
    <briefdescription>
    </briefdescription>
    <detaileddescription>
    </detaileddescription>
    <programlisting>
<codeline lineno="1"><highlight class="comment">/***************************************************************************</highlight></codeline>
<codeline lineno="2"><highlight class="comment"><sp/>*<sp/><sp/><sp/><sp/><sp/><sp/><sp/><sp/><sp/><sp/><sp/><sp/>linphone_tunnel.h</highlight></codeline>
<codeline lineno="3"><highlight class="comment"><sp/>*</highlight></codeline>
<codeline lineno="4"><highlight class="comment"><sp/>*<sp/><sp/>Fri<sp/>Dec<sp/>9,<sp/>2011</highlight></codeline>
<codeline lineno="5"><highlight class="comment"><sp/>*<sp/><sp/>Copyright<sp/><sp/>2011<sp/><sp/>Belledonne<sp/>Communications</highlight></codeline>
<codeline lineno="6"><highlight class="comment"><sp/>*<sp/><sp/>Author:<sp/>Guillaume<sp/>Beraudo</highlight></codeline>
<codeline lineno="7"><highlight class="comment"><sp/>*<sp/><sp/>Email:<sp/>guillaume<sp/>dot<sp/>beraudo<sp/>at<sp/>linphone<sp/>dot<sp/>org</highlight></codeline>
<codeline lineno="8"><highlight class="comment"><sp/>****************************************************************************/</highlight><highlight class="normal"></highlight></codeline>
<codeline lineno="9"><highlight class="normal"></highlight></codeline>
<codeline lineno="10"><highlight class="normal"></highlight><highlight class="comment">/*</highlight></codeline>
<codeline lineno="11"><highlight class="comment"><sp/>*<sp/><sp/>This<sp/>program<sp/>is<sp/>free<sp/>software;<sp/>you<sp/>can<sp/>redistribute<sp/>it<sp/>and/or<sp/>modify</highlight></codeline>
<codeline lineno="12"><highlight class="comment"><sp/>*<sp/><sp/>it<sp/>under<sp/>the<sp/>terms<sp/>of<sp/>the<sp/>GNU<sp/>General<sp/>Public<sp/>License<sp/>as<sp/>published<sp/>by</highlight></codeline>
<codeline lineno="13"><highlight class="comment"><sp/>*<sp/><sp/>the<sp/>Free<sp/>Software<sp/>Foundation;<sp/>either<sp/>version<sp/>2<sp/>of<sp/>the<sp/>License,<sp/>or</highlight></codeline>
<codeline lineno="14"><highlight class="comment"><sp/>*<sp/><sp/>(at<sp/>your<sp/>option)<sp/>any<sp/>later<sp/>version.</highlight></codeline>
<codeline lineno="15"><highlight class="comment"><sp/>*</highlight></codeline>
<codeline lineno="16"><highlight class="comment"><sp/>*<sp/><sp/>This<sp/>program<sp/>is<sp/>distributed<sp/>in<sp/>the<sp/>hope<sp/>that<sp/>it<sp/>will<sp/>be<sp/>useful,</highlight></codeline>
<codeline lineno="17"><highlight class="comment"><sp/>*<sp/><sp/>but<sp/>WITHOUT<sp/>ANY<sp/>WARRANTY;<sp/>without<sp/>even<sp/>the<sp/>implied<sp/>warranty<sp/>of</highlight></codeline>
<codeline lineno="18"><highlight class="comment"><sp/>*<sp/><sp/>MERCHANTABILITY<sp/>or<sp/>FITNESS<sp/>FOR<sp/>A<sp/>PARTICULAR<sp/>PURPOSE.<sp/><sp/>See<sp/>the</highlight></codeline>
<codeline lineno="19"><highlight class="comment"><sp/>*<sp/><sp/>GNU<sp/>General<sp/>Public<sp/>License<sp/>for<sp/>more<sp/>details.</highlight></codeline>
<codeline lineno="20"><highlight class="comment"><sp/>*</highlight></codeline>
<codeline lineno="21"><highlight class="comment"><sp/>*<sp/><sp/>You<sp/>should<sp/>have<sp/>received<sp/>a<sp/>copy<sp/>of<sp/>the<sp/>GNU<sp/>General<sp/>Public<sp/>License</highlight></codeline>
<codeline lineno="22"><highlight class="comment"><sp/>*<sp/><sp/>along<sp/>with<sp/>this<sp/>program;<sp/>if<sp/>not,<sp/>write<sp/>to<sp/>the<sp/>Free<sp/>Software</highlight></codeline>
<codeline lineno="23"><highlight class="comment"><sp/>*<sp/><sp/>Foundation,<sp/>Inc.,<sp/>59<sp/>Temple<sp/>Place<sp/>-<sp/>Suite<sp/>330,<sp/>Boston,<sp/>MA<sp/>02111-1307,<sp/>USA.</highlight></codeline>
<codeline lineno="24"><highlight class="comment"><sp/>*/</highlight><highlight class="normal"></highlight></codeline>
<codeline lineno="25"><highlight class="normal"></highlight></codeline>
<codeline lineno="26"><highlight class="normal"></highlight><highlight class="preprocessor">#ifndef<sp/>LINPHONE_LINPHONETUNNEL_H</highlight><highlight class="normal"></highlight></codeline>
<codeline lineno="27"><highlight class="normal"></highlight><highlight class="preprocessor">#define<sp/>LINPHONE_LINPHONETUNNEL_H</highlight><highlight class="normal"></highlight></codeline>
<codeline lineno="28"><highlight class="normal"></highlight></codeline>
<codeline lineno="29"><highlight class="normal"></highlight><highlight class="preprocessor">#include<sp/>&quot;linphone/tunnel.h&quot;</highlight><highlight class="normal"></highlight></codeline>
<codeline lineno="30"><highlight class="normal"></highlight></codeline>
<codeline lineno="31"><highlight class="normal"></highlight><highlight class="preprocessor">#endif<sp/></highlight><highlight class="comment">/*<sp/>LINPHONE_LINPHONETUNNEL_H<sp/>*/</highlight><highlight class="preprocessor"></highlight><highlight class="normal"></highlight></codeline>
<codeline lineno="32"><highlight class="normal"></highlight></codeline>
    </programlisting>
    <location file="C:/Jenkins/workspace/linphone-qt-win32/submodules/linphone/include/linphone/linphone_tunnel.h"/>
  </compounddef>
</doxygen>
